<?xml version="1.0" encoding="UTF-8"?>
<gpx xmlns="http://www.topografix.com/GPX/1/1" xmlns:gpxtpx="http://www.garmin.com/xmlschemas/TrackPointExtension/v1" xmlns:xsi="http://www.w3.org/2001/XMLSchema-instance" xsi:schemaLocation="http://www.topografix.com/GPX/1/1 http://www.topografix.com/GPX/1/1/gpx.xsd" version="1.1" creator="gpx.py -- https://github.com/tkrajina/gpxpy">
  <trk>
    <name>gpx from keep</name>
    <type>Ride</type>
    <trkseg>
      <trkpt lat="30.284904398833923" lon="119.99935637801568">
        <ele>6.0</ele>
        <time>7595-09-18T23:55:00Z</time>
      </trkpt>
      <trkpt lat="30.284901396111913" lon="119.99935737567363">
        <ele>6.0</ele>
        <time>1970-01-01T00:00:01Z</time>
        <extensions>
          <gpxtpx:TrackPointExtension>
            <gpxtpx:hr>85</gpxtpx:hr>
          </gpxtpx:TrackPointExtension>
        </extensions>
      </trkpt>
      <trkpt lat="30.284925181556222" lon="119.9994271920866">
        <ele>6.0</ele>
        <time>1970-01-01T00:00:06Z</time>
        <extensions>
          <gpxtpx:TrackPointExtension>
            <gpxtpx:hr>83</gpxtpx:hr>
          </gpxtpx:TrackPointExtension>
        </extensions>
      </trkpt>
      <trkpt lat="30.28496198688851" lon="119.99949002558112">
        <ele>6.0</ele>
        <time>1970-01-01T00:00:09Z</time>
        <extensions>
          <gpxtpx:TrackPointExtension>
            <gpxtpx:hr>83</gpxtpx:hr>
          </gpxtpx:TrackPointExtension>
        </extensions>
      </trkpt>
      <trkpt lat="30.28498286052322" lon="119.99953091748743">
        <ele>6.0</ele>
        <time>1970-01-01T00:00:11Z</time>
        <extensions>
          <gpxtpx:TrackPointExtension>
            <gpxtpx:hr>82</gpxtpx:hr>
          </gpxtpx:TrackPointExtension>
        </extensions>
      </trkpt>
      <trkpt lat="30.285045393622937" lon="119.99968251805653">
        <ele>6.0</ele>
        <time>1970-01-01T00:00:16Z</time>
        <extensions>
          <gpxtpx:TrackPointExtension>
            <gpxtpx:hr>81</gpxtpx:hr>
          </gpxtpx:TrackPointExtension>
        </extensions>
      </trkpt>
      <trkpt lat="30.28504277601988" lon="119.99988598939981">
        <ele>6.400000095367432</ele>
        <time>1970-01-01T00:00:22Z</time>
        <extensions>
          <gpxtpx:TrackPointExtension>
            <gpxtpx:hr>82</gpxtpx:hr>
          </gpxtpx:TrackPointExtension>
        </extensions>
      </trkpt>
      <trkpt lat="30.28508799925552" lon="120.00014032476017">
        <ele>6.800000190734863</ele>
        <time>1970-01-01T00:00:28Z</time>
        <extensions>
          <gpxtpx:TrackPointExtension>
            <gpxtpx:hr>85</gpxtpx:hr>
          </gpxtpx:TrackPointExtension>
        </extensions>
      </trkpt>
      <trkpt lat="30.28516131670741" lon="120.00036274093276">
        <ele>7.0</ele>
        <time>1970-01-01T00:00:33Z</time>
        <extensions>
          <gpxtpx:TrackPointExtension>
            <gpxtpx:hr>86</gpxtpx:hr>
          </gpxtpx:TrackPointExtension>
        </extensions>
      </trkpt>
      <trkpt lat="30.285201919123867" lon="120.00049240087392">
        <ele>7.0</ele>
        <time>1970-01-01T00:00:36Z</time>
        <extensions>
          <gpxtpx:TrackPointExtension>
            <gpxtpx:hr>88</gpxtpx:hr>
          </gpxtpx:TrackPointExtension>
        </extensions>
      </trkpt>
      <trkpt lat="30.28525341763124" lon="120.00065597197214">
        <ele>7.400000095367432</ele>
        <time>1970-01-01T00:00:40Z</time>
        <extensions>
          <gpxtpx:TrackPointExtension>
            <gpxtpx:hr>91</gpxtpx:hr>
          </gpxtpx:TrackPointExtension>
        </extensions>
      </trkpt>
      <trkpt lat="30.28526403842288" lon="120.0007806475628">
        <ele>7.599999904632568</ele>
        <time>1970-01-01T00:00:43Z</time>
        <extensions>
          <gpxtpx:TrackPointExtension>
            <gpxtpx:hr>93</gpxtpx:hr>
          </gpxtpx:TrackPointExtension>
        </extensions>
      </trkpt>
      <trkpt lat="30.285271795668024" lon="120.00086043990274">
        <ele>7.800000190734863</ele>
        <time>1970-01-01T00:00:45Z</time>
        <extensions>
          <gpxtpx:TrackPointExtension>
            <gpxtpx:hr>94</gpxtpx:hr>
          </gpxtpx:TrackPointExtension>
        </extensions>
      </trkpt>
      <trkpt lat="30.285306441316976" lon="120.00097613688936">
        <ele>8.0</ele>
        <time>1970-01-01T00:00:48Z</time>
        <extensions>
          <gpxtpx:TrackPointExtension>
            <gpxtpx:hr>96</gpxtpx:hr>
          </gpxtpx:TrackPointExtension>
        </extensions>
      </trkpt>
      <trkpt lat="30.285323318633658" lon="120.00101603200432">
        <ele>8.199999809265137</ele>
        <time>1970-01-01T00:00:49Z</time>
        <extensions>
          <gpxtpx:TrackPointExtension>
            <gpxtpx:hr>96</gpxtpx:hr>
          </gpxtpx:TrackPointExtension>
        </extensions>
      </trkpt>
      <trkpt lat="30.285414381255123" lon="120.00132223053792">
        <ele>9.0</ele>
        <time>1970-01-01T00:00:57Z</time>
        <extensions>
          <gpxtpx:TrackPointExtension>
            <gpxtpx:hr>98</gpxtpx:hr>
          </gpxtpx:TrackPointExtension>
        </extensions>
      </trkpt>
      <trkpt lat="30.285446015386935" lon="120.00144191773883">
        <ele>9.199999809265137</ele>
        <time>1970-01-01T00:01:00Z</time>
        <extensions>
          <gpxtpx:TrackPointExtension>
            <gpxtpx:hr>99</gpxtpx:hr>
          </gpxtpx:TrackPointExtension>
        </extensions>
      </trkpt>
      <trkpt lat="30.285515204737553" lon="120.00170722474745">
        <ele>9.600000381469727</ele>
        <time>1970-01-01T00:01:08Z</time>
        <extensions>
          <gpxtpx:TrackPointExtension>
            <gpxtpx:hr>96</gpxtpx:hr>
          </gpxtpx:TrackPointExtension>
        </extensions>
      </trkpt>
      <trkpt lat="30.28551703845466" lon="120.00176208256134">
        <ele>9.399999618530273</ele>
        <time>1970-01-01T00:01:12Z</time>
        <extensions>
          <gpxtpx:TrackPointExtension>
            <gpxtpx:hr>95</gpxtpx:hr>
          </gpxtpx:TrackPointExtension>
        </extensions>
      </trkpt>
      <trkpt lat="30.285516047616095" lon="120.00175909039137">
        <ele>9.399999618530273</ele>
        <time>1970-01-01T00:01:13Z</time>
        <extensions>
          <gpxtpx:TrackPointExtension>
            <gpxtpx:hr>95</gpxtpx:hr>
          </gpxtpx:TrackPointExtension>
        </extensions>
      </trkpt>
      <trkpt lat="30.285519962661276" lon="120.00178701776169">
        <ele>9.399999618530273</ele>
        <time>1970-01-01T00:01:18Z</time>
        <extensions>
          <gpxtpx:TrackPointExtension>
            <gpxtpx:hr>94</gpxtpx:hr>
          </gpxtpx:TrackPointExtension>
        </extensions>
      </trkpt>
      <trkpt lat="30.28548583936167" lon="120.00182891218856">
        <ele>9.399999618530273</ele>
        <time>1970-01-01T00:01:20Z</time>
        <extensions>
          <gpxtpx:TrackPointExtension>
            <gpxtpx:hr>93</gpxtpx:hr>
          </gpxtpx:TrackPointExtension>
        </extensions>
      </trkpt>
      <trkpt lat="30.285363688913105" lon="120.00188278304861">
        <ele>9.199999809265137</ele>
        <time>1970-01-01T00:01:24Z</time>
        <extensions>
          <gpxtpx:TrackPointExtension>
            <gpxtpx:hr>92</gpxtpx:hr>
          </gpxtpx:TrackPointExtension>
        </extensions>
      </trkpt>
      <trkpt lat="30.285249637258715" lon="120.00190373842719">
        <ele>9.0</ele>
        <time>1970-01-01T00:01:27Z</time>
        <extensions>
          <gpxtpx:TrackPointExtension>
            <gpxtpx:hr>91</gpxtpx:hr>
          </gpxtpx:TrackPointExtension>
        </extensions>
      </trkpt>
      <trkpt lat="30.285116584532492" lon="120.00192569282484">
        <ele>8.600000381469727</ele>
        <time>1970-01-01T00:01:31Z</time>
        <extensions>
          <gpxtpx:TrackPointExtension>
            <gpxtpx:hr>88</gpxtpx:hr>
          </gpxtpx:TrackPointExtension>
        </extensions>
      </trkpt>
      <trkpt lat="30.284934355734116" lon="120.00200749650793">
        <ele>8.600000381469727</ele>
        <time>1970-01-01T00:01:36Z</time>
        <extensions>
          <gpxtpx:TrackPointExtension>
            <gpxtpx:hr>86</gpxtpx:hr>
          </gpxtpx:TrackPointExtension>
        </extensions>
      </trkpt>
      <trkpt lat="30.28475616275039" lon="120.00207733085749">
        <ele>8.600000381469727</ele>
        <time>1970-01-01T00:01:41Z</time>
        <extensions>
          <gpxtpx:TrackPointExtension>
            <gpxtpx:hr>87</gpxtpx:hr>
          </gpxtpx:TrackPointExtension>
        </extensions>
      </trkpt>
      <trkpt lat="30.28454594589303" lon="120.002156144714">
        <ele>8.800000190734863</ele>
        <time>1970-01-01T00:01:47Z</time>
        <extensions>
          <gpxtpx:TrackPointExtension>
            <gpxtpx:hr>88</gpxtpx:hr>
          </gpxtpx:TrackPointExtension>
        </extensions>
      </trkpt>
      <trkpt lat="30.284340716460417" lon="120.002238947876">
        <ele>9.0</ele>
        <time>1970-01-01T00:01:53Z</time>
        <extensions>
          <gpxtpx:TrackPointExtension>
            <gpxtpx:hr>90</gpxtpx:hr>
          </gpxtpx:TrackPointExtension>
        </extensions>
      </trkpt>
      <trkpt lat="30.28416045733753" lon="120.00233072577775">
        <ele>9.399999618530273</ele>
        <time>1970-01-01T00:01:59Z</time>
        <extensions>
          <gpxtpx:TrackPointExtension>
            <gpxtpx:hr>90</gpxtpx:hr>
          </gpxtpx:TrackPointExtension>
        </extensions>
      </trkpt>
      <trkpt lat="30.284021359929426" lon="120.00236764207149">
        <ele>9.800000190734863</ele>
        <time>1970-01-01T00:02:03Z</time>
        <extensions>
          <gpxtpx:TrackPointExtension>
            <gpxtpx:hr>91</gpxtpx:hr>
          </gpxtpx:TrackPointExtension>
        </extensions>
      </trkpt>
      <trkpt lat="30.283885204910508" lon="120.0024235091459">
        <ele>10.0</ele>
        <time>1970-01-01T00:02:06Z</time>
        <extensions>
          <gpxtpx:TrackPointExtension>
            <gpxtpx:hr>91</gpxtpx:hr>
          </gpxtpx:TrackPointExtension>
        </extensions>
      </trkpt>
      <trkpt lat="30.283849157313597" lon="120.00244046835338">
        <ele>10.199999809265137</ele>
        <time>1970-01-01T00:02:07Z</time>
        <extensions>
          <gpxtpx:TrackPointExtension>
            <gpxtpx:hr>91</gpxtpx:hr>
          </gpxtpx:TrackPointExtension>
        </extensions>
      </trkpt>
      <trkpt lat="30.283686944644586" lon="120.0025162861003">
        <ele>10.600000381469727</ele>
        <time>1970-01-01T00:02:13Z</time>
        <extensions>
          <gpxtpx:TrackPointExtension>
            <gpxtpx:hr>90</gpxtpx:hr>
          </gpxtpx:TrackPointExtension>
        </extensions>
      </trkpt>
      <trkpt lat="30.28357484448356" lon="120.0025532001718">
        <ele>11.0</ele>
        <time>1970-01-01T00:02:18Z</time>
        <extensions>
          <gpxtpx:TrackPointExtension>
            <gpxtpx:hr>90</gpxtpx:hr>
          </gpxtpx:TrackPointExtension>
        </extensions>
      </trkpt>
      <trkpt lat="30.28350976969208" lon="120.0025801360668">
        <ele>11.199999809265137</ele>
        <time>1970-01-01T00:02:21Z</time>
        <extensions>
          <gpxtpx:TrackPointExtension>
            <gpxtpx:hr>91</gpxtpx:hr>
          </gpxtpx:TrackPointExtension>
        </extensions>
      </trkpt>
      <trkpt lat="30.283476694665" lon="120.00260607185294">
        <ele>11.199999809265137</ele>
        <time>1970-01-01T00:02:23Z</time>
        <extensions>
          <gpxtpx:TrackPointExtension>
            <gpxtpx:hr>92</gpxtpx:hr>
          </gpxtpx:TrackPointExtension>
        </extensions>
      </trkpt>
      <trkpt lat="30.2834235794718" lon="120.0026459732592">
        <ele>11.199999809265137</ele>
        <time>1970-01-01T00:02:29Z</time>
        <extensions>
          <gpxtpx:TrackPointExtension>
            <gpxtpx:hr>93</gpxtpx:hr>
          </gpxtpx:TrackPointExtension>
        </extensions>
      </trkpt>
      <trkpt lat="30.283422543401873" lon="120.00265794243056">
        <ele>11.199999809265137</ele>
        <time>1970-01-01T00:02:31Z</time>
        <extensions>
          <gpxtpx:TrackPointExtension>
            <gpxtpx:hr>90</gpxtpx:hr>
          </gpxtpx:TrackPointExtension>
        </extensions>
      </trkpt>
      <trkpt lat="30.28345855180155" lon="120.00265394970799">
        <ele>11.199999809265137</ele>
        <time>1970-01-01T00:02:34Z</time>
        <extensions>
          <gpxtpx:TrackPointExtension>
            <gpxtpx:hr>90</gpxtpx:hr>
          </gpxtpx:TrackPointExtension>
        </extensions>
      </trkpt>
      <trkpt lat="30.2835916709155" lon="120.00261005187896">
        <ele>11.0</ele>
        <time>1970-01-01T00:02:39Z</time>
        <extensions>
          <gpxtpx:TrackPointExtension>
            <gpxtpx:hr>87</gpxtpx:hr>
          </gpxtpx:TrackPointExtension>
        </extensions>
      </trkpt>
      <trkpt lat="30.283810956139916" lon="120.00250829629168">
        <ele>10.600000381469727</ele>
        <time>1970-01-01T00:02:46Z</time>
        <extensions>
          <gpxtpx:TrackPointExtension>
            <gpxtpx:hr>87</gpxtpx:hr>
          </gpxtpx:TrackPointExtension>
        </extensions>
      </trkpt>
      <trkpt lat="30.283843988960342" lon="120.0024963244426">
        <ele>10.199999809265137</ele>
        <time>1970-01-01T00:02:47Z</time>
        <extensions>
          <gpxtpx:TrackPointExtension>
            <gpxtpx:hr>89</gpxtpx:hr>
          </gpxtpx:TrackPointExtension>
        </extensions>
      </trkpt>
      <trkpt lat="30.283893077442062" lon="120.00246540021807">
        <ele>10.199999809265137</ele>
        <time>1970-01-01T00:02:52Z</time>
        <extensions>
          <gpxtpx:TrackPointExtension>
            <gpxtpx:hr>92</gpxtpx:hr>
          </gpxtpx:TrackPointExtension>
        </extensions>
      </trkpt>
      <trkpt lat="30.283791961090422" lon="120.00250730046612">
        <ele>10.199999809265137</ele>
        <time>1970-01-01T00:02:56Z</time>
        <extensions>
          <gpxtpx:TrackPointExtension>
            <gpxtpx:hr>95</gpxtpx:hr>
          </gpxtpx:TrackPointExtension>
        </extensions>
      </trkpt>
      <trkpt lat="30.283757922341167" lon="120.00252126724621">
        <ele>10.199999809265137</ele>
        <time>1970-01-01T00:02:57Z</time>
        <extensions>
          <gpxtpx:TrackPointExtension>
            <gpxtpx:hr>93</gpxtpx:hr>
          </gpxtpx:TrackPointExtension>
        </extensions>
      </trkpt>
      <trkpt lat="30.283524602366285" lon="120.00263499310522">
        <ele>11.0</ele>
        <time>1970-01-01T00:03:03Z</time>
        <extensions>
          <gpxtpx:TrackPointExtension>
            <gpxtpx:hr>94</gpxtpx:hr>
          </gpxtpx:TrackPointExtension>
        </extensions>
      </trkpt>
      <trkpt lat="30.283302061331383" lon="120.00282153014801">
        <ele>11.199999809265137</ele>
        <time>1970-01-01T00:03:10Z</time>
        <extensions>
          <gpxtpx:TrackPointExtension>
            <gpxtpx:hr>95</gpxtpx:hr>
          </gpxtpx:TrackPointExtension>
        </extensions>
      </trkpt>
      <trkpt lat="30.283228782509052" lon="120.00291629170728">
        <ele>11.399999618530273</ele>
        <time>1970-01-01T00:03:14Z</time>
        <extensions>
          <gpxtpx:TrackPointExtension>
            <gpxtpx:hr>98</gpxtpx:hr>
          </gpxtpx:TrackPointExtension>
        </extensions>
      </trkpt>
      <trkpt lat="30.28323771230702" lon="120.0029392317466">
        <ele>11.399999618530273</ele>
        <time>1970-01-01T00:03:15Z</time>
        <extensions>
          <gpxtpx:TrackPointExtension>
            <gpxtpx:hr>97</gpxtpx:hr>
          </gpxtpx:TrackPointExtension>
        </extensions>
      </trkpt>
      <trkpt lat="30.28329923012184" lon="120.00309681993241">
        <ele>11.399999618530273</ele>
        <time>1970-01-01T00:03:20Z</time>
        <extensions>
          <gpxtpx:TrackPointExtension>
            <gpxtpx:hr>93</gpxtpx:hr>
          </gpxtpx:TrackPointExtension>
        </extensions>
      </trkpt>
      <trkpt lat="30.28334781263661" lon="120.00323346340254">
        <ele>11.199999809265137</ele>
        <time>1970-01-01T00:03:24Z</time>
        <extensions>
          <gpxtpx:TrackPointExtension>
            <gpxtpx:hr>90</gpxtpx:hr>
          </gpxtpx:TrackPointExtension>
        </extensions>
      </trkpt>
      <trkpt lat="30.283386405318243" lon="120.00336711556724">
        <ele>11.199999809265137</ele>
        <time>1970-01-01T00:03:28Z</time>
        <extensions>
          <gpxtpx:TrackPointExtension>
            <gpxtpx:hr>94</gpxtpx:hr>
          </gpxtpx:TrackPointExtension>
        </extensions>
      </trkpt>
      <trkpt lat="30.283397298866106" lon="120.00340202466889">
        <ele>11.399999618530273</ele>
        <time>1970-01-01T00:03:29Z</time>
        <extensions>
          <gpxtpx:TrackPointExtension>
            <gpxtpx:hr>94</gpxtpx:hr>
          </gpxtpx:TrackPointExtension>
        </extensions>
      </trkpt>
      <trkpt lat="30.283448751992356" lon="120.00358155772575">
        <ele>11.399999618530273</ele>
        <time>1970-01-01T00:03:34Z</time>
        <extensions>
          <gpxtpx:TrackPointExtension>
            <gpxtpx:hr>91</gpxtpx:hr>
          </gpxtpx:TrackPointExtension>
        </extensions>
      </trkpt>
      <trkpt lat="30.28350915932145" lon="120.00377605176581">
        <ele>11.399999618530273</ele>
        <time>1970-01-01T00:03:39Z</time>
        <extensions>
          <gpxtpx:TrackPointExtension>
            <gpxtpx:hr>92</gpxtpx:hr>
          </gpxtpx:TrackPointExtension>
        </extensions>
      </trkpt>
      <trkpt lat="30.283593233917085" lon="120.0040802618842">
        <ele>11.399999618530273</ele>
        <time>1970-01-01T00:03:47Z</time>
        <extensions>
          <gpxtpx:TrackPointExtension>
            <gpxtpx:hr>92</gpxtpx:hr>
          </gpxtpx:TrackPointExtension>
        </extensions>
      </trkpt>
      <trkpt lat="30.28350684010106" lon="120.00421392547325">
        <ele>11.399999618530273</ele>
        <time>1970-01-01T00:03:51Z</time>
        <extensions>
          <gpxtpx:TrackPointExtension>
            <gpxtpx:hr>91</gpxtpx:hr>
          </gpxtpx:TrackPointExtension>
        </extensions>
      </trkpt>
      <trkpt lat="30.283298605941212" lon="120.00429872506521">
        <ele>11.600000381469727</ele>
        <time>1970-01-01T00:03:56Z</time>
        <extensions>
          <gpxtpx:TrackPointExtension>
            <gpxtpx:hr>93</gpxtpx:hr>
          </gpxtpx:TrackPointExtension>
        </extensions>
      </trkpt>
      <trkpt lat="30.283083357501045" lon="120.00438851249638">
        <ele>11.600000381469727</ele>
        <time>1970-01-01T00:04:02Z</time>
        <extensions>
          <gpxtpx:TrackPointExtension>
            <gpxtpx:hr>96</gpxtpx:hr>
          </gpxtpx:TrackPointExtension>
        </extensions>
      </trkpt>
      <trkpt lat="30.282931174755305" lon="120.0044543561809">
        <ele>11.800000190734863</ele>
        <time>1970-01-01T00:04:06Z</time>
        <extensions>
          <gpxtpx:TrackPointExtension>
            <gpxtpx:hr>97</gpxtpx:hr>
          </gpxtpx:TrackPointExtension>
        </extensions>
      </trkpt>
      <trkpt lat="30.282635871423476" lon="120.0045650966848">
        <ele>11.399999618530273</ele>
        <time>1970-01-01T00:04:13Z</time>
        <extensions>
          <gpxtpx:TrackPointExtension>
            <gpxtpx:hr>96</gpxtpx:hr>
          </gpxtpx:TrackPointExtension>
        </extensions>
      </trkpt>
      <trkpt lat="30.282536728377426" lon="120.0046159744197">
        <ele>11.399999618530273</ele>
        <time>1970-01-01T00:04:16Z</time>
        <extensions>
          <gpxtpx:TrackPointExtension>
            <gpxtpx:hr>95</gpxtpx:hr>
          </gpxtpx:TrackPointExtension>
        </extensions>
      </trkpt>
      <trkpt lat="30.28244560853954" lon="120.00465887198493">
        <ele>11.199999809265137</ele>
        <time>1970-01-01T00:04:18Z</time>
        <extensions>
          <gpxtpx:TrackPointExtension>
            <gpxtpx:hr>95</gpxtpx:hr>
          </gpxtpx:TrackPointExtension>
        </extensions>
      </trkpt>
      <trkpt lat="30.282399544173952" lon="120.00468181697609">
        <ele>11.199999809265137</ele>
        <time>1970-01-01T00:04:19Z</time>
        <extensions>
          <gpxtpx:TrackPointExtension>
            <gpxtpx:hr>94</gpxtpx:hr>
          </gpxtpx:TrackPointExtension>
        </extensions>
      </trkpt>
      <trkpt lat="30.282342489919547" lon="120.00470177057635">
        <ele>11.199999809265137</ele>
        <time>1970-01-01T00:04:20Z</time>
        <extensions>
          <gpxtpx:TrackPointExtension>
            <gpxtpx:hr>94</gpxtpx:hr>
          </gpxtpx:TrackPointExtension>
        </extensions>
      </trkpt>
      <trkpt lat="30.28212624470824" lon="120.0047905609741">
        <ele>11.199999809265137</ele>
        <time>1970-01-01T00:04:24Z</time>
        <extensions>
          <gpxtpx:TrackPointExtension>
            <gpxtpx:hr>95</gpxtpx:hr>
          </gpxtpx:TrackPointExtension>
        </extensions>
      </trkpt>
      <trkpt lat="30.282072193156885" lon="120.00480951690048">
        <ele>11.399999618530273</ele>
        <time>1970-01-01T00:04:25Z</time>
        <extensions>
          <gpxtpx:TrackPointExtension>
            <gpxtpx:hr>96</gpxtpx:hr>
          </gpxtpx:TrackPointExtension>
        </extensions>
      </trkpt>
      <trkpt lat="30.282017138707854" lon="120.0048294703558">
        <ele>11.399999618530273</ele>
        <time>1970-01-01T00:04:26Z</time>
        <extensions>
          <gpxtpx:TrackPointExtension>
            <gpxtpx:hr>96</gpxtpx:hr>
          </gpxtpx:TrackPointExtension>
        </extensions>
      </trkpt>
      <trkpt lat="30.28192703080167" lon="120.00486837815299">
        <ele>11.399999618530273</ele>
        <time>1970-01-01T00:04:28Z</time>
        <extensions>
          <gpxtpx:TrackPointExtension>
            <gpxtpx:hr>97</gpxtpx:hr>
          </gpxtpx:TrackPointExtension>
        </extensions>
      </trkpt>
      <trkpt lat="30.281806913920747" lon="120.00491127825707">
        <ele>11.600000381469727</ele>
        <time>1970-01-01T00:04:30Z</time>
        <extensions>
          <gpxtpx:TrackPointExtension>
            <gpxtpx:hr>99</gpxtpx:hr>
          </gpxtpx:TrackPointExtension>
        </extensions>
      </trkpt>
      <trkpt lat="30.281700819623516" lon="120.00494619765949">
        <ele>11.800000190734863</ele>
        <time>1970-01-01T00:04:32Z</time>
        <extensions>
          <gpxtpx:TrackPointExtension>
            <gpxtpx:hr>100</gpxtpx:hr>
          </gpxtpx:TrackPointExtension>
        </extensions>
      </trkpt>
      <trkpt lat="30.281317333463758" lon="120.00512078247563">
        <ele>12.199999809265137</ele>
        <time>1970-01-01T00:04:40Z</time>
        <extensions>
          <gpxtpx:TrackPointExtension>
            <gpxtpx:hr>99</gpxtpx:hr>
          </gpxtpx:TrackPointExtension>
        </extensions>
      </trkpt>
      <trkpt lat="30.281090080501883" lon="120.00521256648136">
        <ele>12.800000190734863</ele>
        <time>1970-01-01T00:04:45Z</time>
        <extensions>
          <gpxtpx:TrackPointExtension>
            <gpxtpx:hr>102</gpxtpx:hr>
          </gpxtpx:TrackPointExtension>
        </extensions>
      </trkpt>
      <trkpt lat="30.28089593810055" lon="120.00526644485193">
        <ele>13.0</ele>
        <time>1970-01-01T00:04:49Z</time>
        <extensions>
          <gpxtpx:TrackPointExtension>
            <gpxtpx:hr>105</gpxtpx:hr>
          </gpxtpx:TrackPointExtension>
        </extensions>
      </trkpt>
      <trkpt lat="30.280846922019105" lon="120.00527343109405">
        <ele>13.199999809265137</ele>
        <time>1970-01-01T00:04:50Z</time>
        <extensions>
          <gpxtpx:TrackPointExtension>
            <gpxtpx:hr>106</gpxtpx:hr>
          </gpxtpx:TrackPointExtension>
        </extensions>
      </trkpt>
      <trkpt lat="30.280476419831306" lon="120.00545300259944">
        <ele>14.199999809265137</ele>
        <time>1970-01-01T00:04:58Z</time>
        <extensions>
          <gpxtpx:TrackPointExtension>
            <gpxtpx:hr>108</gpxtpx:hr>
          </gpxtpx:TrackPointExtension>
        </extensions>
      </trkpt>
      <trkpt lat="30.280154029763082" lon="120.0055936698722">
        <ele>15.399999618530273</ele>
        <time>1970-01-01T00:05:06Z</time>
        <extensions>
          <gpxtpx:TrackPointExtension>
            <gpxtpx:hr>109</gpxtpx:hr>
          </gpxtpx:TrackPointExtension>
        </extensions>
      </trkpt>
      <trkpt lat="30.28003491587885" lon="120.00563557274234">
        <ele>15.600000381469727</ele>
        <time>1970-01-01T00:05:10Z</time>
        <extensions>
          <gpxtpx:TrackPointExtension>
            <gpxtpx:hr>112</gpxtpx:hr>
          </gpxtpx:TrackPointExtension>
        </extensions>
      </trkpt>
      <trkpt lat="30.280011876267086" lon="120.00564953896719">
        <ele>15.600000381469727</ele>
        <time>1970-01-01T00:05:11Z</time>
        <extensions>
          <gpxtpx:TrackPointExtension>
            <gpxtpx:hr>112</gpxtpx:hr>
          </gpxtpx:TrackPointExtension>
        </extensions>
      </trkpt>
      <trkpt lat="30.27999580903507" lon="120.00567248165048">
        <ele>15.600000381469727</ele>
        <time>1970-01-01T00:05:12Z</time>
        <extensions>
          <gpxtpx:TrackPointExtension>
            <gpxtpx:hr>112</gpxtpx:hr>
          </gpxtpx:TrackPointExtension>
        </extensions>
      </trkpt>
      <trkpt lat="30.279986627433196" lon="120.00573332684854">
        <ele>16.0</ele>
        <time>1970-01-01T00:05:14Z</time>
        <extensions>
          <gpxtpx:TrackPointExtension>
            <gpxtpx:hr>112</gpxtpx:hr>
          </gpxtpx:TrackPointExtension>
        </extensions>
      </trkpt>
      <trkpt lat="30.28000022527211" lon="120.00586698407987">
        <ele>16.399999618530273</ele>
        <time>1970-01-01T00:05:18Z</time>
        <extensions>
          <gpxtpx:TrackPointExtension>
            <gpxtpx:hr>108</gpxtpx:hr>
          </gpxtpx:TrackPointExtension>
        </extensions>
      </trkpt>
      <trkpt lat="30.28002802216948" lon="120.00593381099573">
        <ele>16.600000381469727</ele>
        <time>1970-01-01T00:05:20Z</time>
        <extensions>
          <gpxtpx:TrackPointExtension>
            <gpxtpx:hr>103</gpxtpx:hr>
          </gpxtpx:TrackPointExtension>
        </extensions>
      </trkpt>
      <trkpt lat="30.28007273671876" lon="120.00602756775652">
        <ele>16.799999237060547</ele>
        <time>1970-01-01T00:05:23Z</time>
        <extensions>
          <gpxtpx:TrackPointExtension>
            <gpxtpx:hr>100</gpxtpx:hr>
          </gpxtpx:TrackPointExtension>
        </extensions>
      </trkpt>
      <trkpt lat="30.280070458993503" lon="120.00612033110846">
        <ele>16.799999237060547</ele>
        <time>1970-01-01T00:05:27Z</time>
        <extensions>
          <gpxtpx:TrackPointExtension>
            <gpxtpx:hr>101</gpxtpx:hr>
          </gpxtpx:TrackPointExtension>
        </extensions>
      </trkpt>
      <trkpt lat="30.280078219188553" lon="120.00620012679326">
        <ele>16.799999237060547</ele>
        <time>1970-01-01T00:05:31Z</time>
        <extensions>
          <gpxtpx:TrackPointExtension>
            <gpxtpx:hr>104</gpxtpx:hr>
          </gpxtpx:TrackPointExtension>
        </extensions>
      </trkpt>
      <trkpt lat="30.280106079006707" lon="120.00624600737258">
        <ele>17.0</ele>
        <time>1970-01-01T00:05:33Z</time>
        <extensions>
          <gpxtpx:TrackPointExtension>
            <gpxtpx:hr>104</gpxtpx:hr>
          </gpxtpx:TrackPointExtension>
        </extensions>
      </trkpt>
      <trkpt lat="30.28015673051883" lon="120.00636071051613">
        <ele>17.399999618530273</ele>
        <time>1970-01-01T00:05:37Z</time>
        <extensions>
          <gpxtpx:TrackPointExtension>
            <gpxtpx:hr>101</gpxtpx:hr>
          </gpxtpx:TrackPointExtension>
        </extensions>
      </trkpt>
      <trkpt lat="30.28017650163908" lon="120.00643651556216">
        <ele>17.600000381469727</ele>
        <time>1970-01-01T00:05:39Z</time>
        <extensions>
          <gpxtpx:TrackPointExtension>
            <gpxtpx:hr>98</gpxtpx:hr>
          </gpxtpx:TrackPointExtension>
        </extensions>
      </trkpt>
      <trkpt lat="30.28024077604561" lon="120.00667689762523">
        <ele>18.600000381469727</ele>
        <time>1970-01-01T00:05:45Z</time>
        <extensions>
          <gpxtpx:TrackPointExtension>
            <gpxtpx:hr>97</gpxtpx:hr>
          </gpxtpx:TrackPointExtension>
        </extensions>
      </trkpt>
      <trkpt lat="30.280256634273083" lon="120.0067237769075">
        <ele>18.799999237060547</ele>
        <time>1970-01-01T00:05:46Z</time>
        <extensions>
          <gpxtpx:TrackPointExtension>
            <gpxtpx:hr>96</gpxtpx:hr>
          </gpxtpx:TrackPointExtension>
        </extensions>
      </trkpt>
      <trkpt lat="30.280306193976532" lon="120.00686940203991">
        <ele>19.600000381469727</ele>
        <time>1970-01-01T00:05:49Z</time>
        <extensions>
          <gpxtpx:TrackPointExtension>
            <gpxtpx:hr>92</gpxtpx:hr>
          </gpxtpx:TrackPointExtension>
        </extensions>
      </trkpt>
      <trkpt lat="30.28032606381488" lon="120.00691229123416">
        <ele>19.799999237060547</ele>
        <time>1970-01-01T00:05:50Z</time>
        <extensions>
          <gpxtpx:TrackPointExtension>
            <gpxtpx:hr>90</gpxtpx:hr>
          </gpxtpx:TrackPointExtension>
        </extensions>
      </trkpt>
      <trkpt lat="30.280355908836043" lon="120.00696315931114">
        <ele>20.0</ele>
        <time>1970-01-01T00:05:51Z</time>
        <extensions>
          <gpxtpx:TrackPointExtension>
            <gpxtpx:hr>91</gpxtpx:hr>
          </gpxtpx:TrackPointExtension>
        </extensions>
      </trkpt>
      <trkpt lat="30.280426445935767" lon="120.00711576531434">
        <ele>20.799999237060547</ele>
        <time>1970-01-01T00:05:54Z</time>
        <extensions>
          <gpxtpx:TrackPointExtension>
            <gpxtpx:hr>92</gpxtpx:hr>
          </gpxtpx:TrackPointExtension>
        </extensions>
      </trkpt>
      <trkpt lat="30.280440283712338" lon="120.00716962725">
        <ele>21.200000762939453</ele>
        <time>1970-01-01T00:05:55Z</time>
        <extensions>
          <gpxtpx:TrackPointExtension>
            <gpxtpx:hr>92</gpxtpx:hr>
          </gpxtpx:TrackPointExtension>
        </extensions>
      </trkpt>
      <trkpt lat="30.28047899398267" lon="120.00726538069533">
        <ele>21.600000381469727</ele>
        <time>1970-01-01T00:05:57Z</time>
        <extensions>
          <gpxtpx:TrackPointExtension>
            <gpxtpx:hr>94</gpxtpx:hr>
          </gpxtpx:TrackPointExtension>
        </extensions>
      </trkpt>
      <trkpt lat="30.280508865967633" lon="120.00730727177124">
        <ele>22.0</ele>
        <time>1970-01-01T00:05:58Z</time>
        <extensions>
          <gpxtpx:TrackPointExtension>
            <gpxtpx:hr>96</gpxtpx:hr>
          </gpxtpx:TrackPointExtension>
        </extensions>
      </trkpt>
      <trkpt lat="30.280534735391107" lon="120.00735016067135">
        <ele>22.399999618530273</ele>
        <time>1970-01-01T00:05:59Z</time>
        <extensions>
          <gpxtpx:TrackPointExtension>
            <gpxtpx:hr>94</gpxtpx:hr>
          </gpxtpx:TrackPointExtension>
        </extensions>
      </trkpt>
      <trkpt lat="30.280551599776278" lon="120.00739504528616">
        <ele>22.600000381469727</ele>
        <time>1970-01-01T00:06:00Z</time>
        <extensions>
          <gpxtpx:TrackPointExtension>
            <gpxtpx:hr>96</gpxtpx:hr>
          </gpxtpx:TrackPointExtension>
        </extensions>
      </trkpt>
      <trkpt lat="30.280562473704805" lon="120.00743693802397">
        <ele>23.200000762939453</ele>
        <time>1970-01-01T00:06:01Z</time>
        <extensions>
          <gpxtpx:TrackPointExtension>
            <gpxtpx:hr>96</gpxtpx:hr>
          </gpxtpx:TrackPointExtension>
        </extensions>
      </trkpt>
      <trkpt lat="30.28061196007785" lon="120.00760750108472">
        <ele>24.399999618530273</ele>
        <time>1970-01-01T00:06:05Z</time>
        <extensions>
          <gpxtpx:TrackPointExtension>
            <gpxtpx:hr>98</gpxtpx:hr>
          </gpxtpx:TrackPointExtension>
        </extensions>
      </trkpt>
      <trkpt lat="30.280637683952634" lon="120.00769926622284">
        <ele>24.799999237060547</ele>
        <time>1970-01-01T00:06:07Z</time>
        <extensions>
          <gpxtpx:TrackPointExtension>
            <gpxtpx:hr>99</gpxtpx:hr>
          </gpxtpx:TrackPointExtension>
        </extensions>
      </trkpt>
      <trkpt lat="30.28065754522547" lon="120.0077451482397">
        <ele>25.200000762939453</ele>
        <time>1970-01-01T00:06:08Z</time>
        <extensions>
          <gpxtpx:TrackPointExtension>
            <gpxtpx:hr>101</gpxtpx:hr>
          </gpxtpx:TrackPointExtension>
        </extensions>
      </trkpt>
      <trkpt lat="30.280675391860097" lon="120.0077960178129">
        <ele>25.399999618530273</ele>
        <time>1970-01-01T00:06:09Z</time>
        <extensions>
          <gpxtpx:TrackPointExtension>
            <gpxtpx:hr>103</gpxtpx:hr>
          </gpxtpx:TrackPointExtension>
        </extensions>
      </trkpt>
      <trkpt lat="30.280748929932077" lon="120.00794862503338">
        <ele>26.799999237060547</ele>
        <time>1970-01-01T00:06:12Z</time>
        <extensions>
          <gpxtpx:TrackPointExtension>
            <gpxtpx:hr>104</gpxtpx:hr>
          </gpxtpx:TrackPointExtension>
        </extensions>
      </trkpt>
      <trkpt lat="30.280802642432725" lon="120.00804338061329">
        <ele>27.399999618530273</ele>
        <time>1970-01-01T00:06:14Z</time>
        <extensions>
          <gpxtpx:TrackPointExtension>
            <gpxtpx:hr>104</gpxtpx:hr>
          </gpxtpx:TrackPointExtension>
        </extensions>
      </trkpt>
      <trkpt lat="30.2808294883277" lon="120.00809424961062">
        <ele>27.799999237060547</ele>
        <time>1970-01-01T00:06:15Z</time>
        <extensions>
          <gpxtpx:TrackPointExtension>
            <gpxtpx:hr>104</gpxtpx:hr>
          </gpxtpx:TrackPointExtension>
        </extensions>
      </trkpt>
      <trkpt lat="30.28088600186669" lon="120.00825583611635">
        <ele>29.200000762939453</ele>
        <time>1970-01-01T00:06:18Z</time>
        <extensions>
          <gpxtpx:TrackPointExtension>
            <gpxtpx:hr>104</gpxtpx:hr>
          </gpxtpx:TrackPointExtension>
        </extensions>
      </trkpt>
      <trkpt lat="30.280892817241693" lon="120.00831767919804">
        <ele>29.799999237060547</ele>
        <time>1970-01-01T00:06:19Z</time>
        <extensions>
          <gpxtpx:TrackPointExtension>
            <gpxtpx:hr>105</gpxtpx:hr>
          </gpxtpx:TrackPointExtension>
        </extensions>
      </trkpt>
      <trkpt lat="30.280900635523924" lon="120.0083785247632">
        <ele>30.399999618530273</ele>
        <time>1970-01-01T00:06:20Z</time>
        <extensions>
          <gpxtpx:TrackPointExtension>
            <gpxtpx:hr>105</gpxtpx:hr>
          </gpxtpx:TrackPointExtension>
        </extensions>
      </trkpt>
      <trkpt lat="30.280908264114736" lon="120.00850320914948">
        <ele>31.399999618530273</ele>
        <time>1970-01-01T00:06:22Z</time>
        <extensions>
          <gpxtpx:TrackPointExtension>
            <gpxtpx:hr>108</gpxtpx:hr>
          </gpxtpx:TrackPointExtension>
        </extensions>
      </trkpt>
      <trkpt lat="30.280917700115882" lon="120.00869272997335">
        <ele>32.599998474121094</ele>
        <time>1970-01-01T00:06:25Z</time>
        <extensions>
          <gpxtpx:TrackPointExtension>
            <gpxtpx:hr>108</gpxtpx:hr>
          </gpxtpx:TrackPointExtension>
        </extensions>
      </trkpt>
      <trkpt lat="30.280944155541302" lon="120.00887526742075">
        <ele>33.599998474121094</ele>
        <time>1970-01-01T00:06:28Z</time>
        <extensions>
          <gpxtpx:TrackPointExtension>
            <gpxtpx:hr>109</gpxtpx:hr>
          </gpxtpx:TrackPointExtension>
        </extensions>
      </trkpt>
      <trkpt lat="30.280968694370635" lon="120.00902987579795">
        <ele>34.79999923706055</ele>
        <time>1970-01-01T00:06:31Z</time>
        <extensions>
          <gpxtpx:TrackPointExtension>
            <gpxtpx:hr>109</gpxtpx:hr>
          </gpxtpx:TrackPointExtension>
        </extensions>
      </trkpt>
      <trkpt lat="30.28095145648034" lon="120.00911067380005">
        <ele>35.0</ele>
        <time>1970-01-01T00:06:33Z</time>
        <extensions>
          <gpxtpx:TrackPointExtension>
            <gpxtpx:hr>110</gpxtpx:hr>
          </gpxtpx:TrackPointExtension>
        </extensions>
      </trkpt>
      <trkpt lat="30.28092436750042" lon="120.00914159824134">
        <ele>35.20000076293945</ele>
        <time>1970-01-01T00:06:34Z</time>
        <extensions>
          <gpxtpx:TrackPointExtension>
            <gpxtpx:hr>110</gpxtpx:hr>
          </gpxtpx:TrackPointExtension>
        </extensions>
      </trkpt>
      <trkpt lat="30.280826137791045" lon="120.00922240318603">
        <ele>35.79999923706055</ele>
        <time>1970-01-01T00:06:37Z</time>
        <extensions>
          <gpxtpx:TrackPointExtension>
            <gpxtpx:hr>108</gpxtpx:hr>
          </gpxtpx:TrackPointExtension>
        </extensions>
      </trkpt>
      <trkpt lat="30.280676895499223" lon="120.00930919746386">
        <ele>37.0</ele>
        <time>1970-01-01T00:06:41Z</time>
        <extensions>
          <gpxtpx:TrackPointExtension>
            <gpxtpx:hr>107</gpxtpx:hr>
          </gpxtpx:TrackPointExtension>
        </extensions>
      </trkpt>
      <trkpt lat="30.28052667701155" lon="120.00938801198467">
        <ele>37.79999923706055</ele>
        <time>1970-01-01T00:06:45Z</time>
        <extensions>
          <gpxtpx:TrackPointExtension>
            <gpxtpx:hr>108</gpxtpx:hr>
          </gpxtpx:TrackPointExtension>
        </extensions>
      </trkpt>
      <trkpt lat="30.2804996353856" lon="120.00940297665177">
        <ele>38.0</ele>
        <time>1970-01-01T00:06:46Z</time>
        <extensions>
          <gpxtpx:TrackPointExtension>
            <gpxtpx:hr>108</gpxtpx:hr>
          </gpxtpx:TrackPointExtension>
        </extensions>
      </trkpt>
      <trkpt lat="30.280386374899564" lon="120.00949475557803">
        <ele>38.79999923706055</ele>
        <time>1970-01-01T00:06:50Z</time>
        <extensions>
          <gpxtpx:TrackPointExtension>
            <gpxtpx:hr>110</gpxtpx:hr>
          </gpxtpx:TrackPointExtension>
        </extensions>
      </trkpt>
      <trkpt lat="30.2803162578409" lon="120.0095366562423">
        <ele>39.0</ele>
        <time>1970-01-01T00:06:52Z</time>
        <extensions>
          <gpxtpx:TrackPointExtension>
            <gpxtpx:hr>111</gpxtpx:hr>
          </gpxtpx:TrackPointExtension>
        </extensions>
      </trkpt>
      <trkpt lat="30.280151114804507" lon="120.00959053487888">
        <ele>40.0</ele>
        <time>1970-01-01T00:06:56Z</time>
        <extensions>
          <gpxtpx:TrackPointExtension>
            <gpxtpx:hr>110</gpxtpx:hr>
          </gpxtpx:TrackPointExtension>
        </extensions>
      </trkpt>
      <trkpt lat="30.280105083946243" lon="120.00960250870098">
        <ele>40.20000076293945</ele>
        <time>1970-01-01T00:06:57Z</time>
        <extensions>
          <gpxtpx:TrackPointExtension>
            <gpxtpx:hr>110</gpxtpx:hr>
          </gpxtpx:TrackPointExtension>
        </extensions>
      </trkpt>
      <trkpt lat="30.27997796667307" lon="120.0096464092217">
        <ele>41.400001525878906</ele>
        <time>1970-01-01T00:07:00Z</time>
        <extensions>
          <gpxtpx:TrackPointExtension>
            <gpxtpx:hr>108</gpxtpx:hr>
          </gpxtpx:TrackPointExtension>
        </extensions>
      </trkpt>
      <trkpt lat="30.279847796598773" lon="120.0097082649668">
        <ele>42.79999923706055</ele>
        <time>1970-01-01T00:07:03Z</time>
        <extensions>
          <gpxtpx:TrackPointExtension>
            <gpxtpx:hr>108</gpxtpx:hr>
          </gpxtpx:TrackPointExtension>
        </extensions>
      </trkpt>
      <trkpt lat="30.279805741749616" lon="120.00972821844964">
        <ele>43.20000076293945</ele>
        <time>1970-01-01T00:07:04Z</time>
        <extensions>
          <gpxtpx:TrackPointExtension>
            <gpxtpx:hr>109</gpxtpx:hr>
          </gpxtpx:TrackPointExtension>
        </extensions>
      </trkpt>
      <trkpt lat="30.27976267520323" lon="120.00975216201282">
        <ele>44.0</ele>
        <time>1970-01-01T00:07:05Z</time>
        <extensions>
          <gpxtpx:TrackPointExtension>
            <gpxtpx:hr>109</gpxtpx:hr>
          </gpxtpx:TrackPointExtension>
        </extensions>
      </trkpt>
      <trkpt lat="30.279675559922023" lon="120.00979406425746">
        <ele>45.20000076293945</ele>
        <time>1970-01-01T00:07:07Z</time>
        <extensions>
          <gpxtpx:TrackPointExtension>
            <gpxtpx:hr>109</gpxtpx:hr>
          </gpxtpx:TrackPointExtension>
        </extensions>
      </trkpt>
      <trkpt lat="30.279585436106245" lon="120.00983895927575">
        <ele>46.79999923706055</ele>
        <time>1970-01-01T00:07:09Z</time>
        <extensions>
          <gpxtpx:TrackPointExtension>
            <gpxtpx:hr>110</gpxtpx:hr>
          </gpxtpx:TrackPointExtension>
        </extensions>
      </trkpt>
      <trkpt lat="30.27949929717264" lon="120.00988884148269">
        <ele>48.599998474121094</ele>
        <time>1970-01-01T00:07:11Z</time>
        <extensions>
          <gpxtpx:TrackPointExtension>
            <gpxtpx:hr>112</gpxtpx:hr>
          </gpxtpx:TrackPointExtension>
        </extensions>
      </trkpt>
      <trkpt lat="30.279420139887513" lon="120.0099447081363">
        <ele>50.400001525878906</ele>
        <time>1970-01-01T00:07:13Z</time>
        <extensions>
          <gpxtpx:TrackPointExtension>
            <gpxtpx:hr>113</gpxtpx:hr>
          </gpxtpx:TrackPointExtension>
        </extensions>
      </trkpt>
      <trkpt lat="30.279339991575128" lon="120.0099975824145">
        <ele>52.0</ele>
        <time>1970-01-01T00:07:15Z</time>
        <extensions>
          <gpxtpx:TrackPointExtension>
            <gpxtpx:hr>114</gpxtpx:hr>
          </gpxtpx:TrackPointExtension>
        </extensions>
      </trkpt>
      <trkpt lat="30.279260860871528" lon="120.01004447163703">
        <ele>53.599998474121094</ele>
        <time>1970-01-01T00:07:17Z</time>
        <extensions>
          <gpxtpx:TrackPointExtension>
            <gpxtpx:hr>115</gpxtpx:hr>
          </gpxtpx:TrackPointExtension>
        </extensions>
      </trkpt>
      <trkpt lat="30.279178715757077" lon="120.01009634865544">
        <ele>55.400001525878906</ele>
        <time>1970-01-01T00:07:19Z</time>
        <extensions>
          <gpxtpx:TrackPointExtension>
            <gpxtpx:hr>115</gpxtpx:hr>
          </gpxtpx:TrackPointExtension>
        </extensions>
      </trkpt>
      <trkpt lat="30.279090568316338" lon="120.01014922372063">
        <ele>56.79999923706055</ele>
        <time>1970-01-01T00:07:21Z</time>
        <extensions>
          <gpxtpx:TrackPointExtension>
            <gpxtpx:hr>115</gpxtpx:hr>
          </gpxtpx:TrackPointExtension>
        </extensions>
      </trkpt>
      <trkpt lat="30.279048498827095" lon="120.0101741648442">
        <ele>57.20000076293945</ele>
        <time>1970-01-01T00:07:22Z</time>
        <extensions>
          <gpxtpx:TrackPointExtension>
            <gpxtpx:hr>115</gpxtpx:hr>
          </gpxtpx:TrackPointExtension>
        </extensions>
      </trkpt>
      <trkpt lat="30.278952390489934" lon="120.01021407308711">
        <ele>57.79999923706055</ele>
        <time>1970-01-01T00:07:24Z</time>
        <extensions>
          <gpxtpx:TrackPointExtension>
            <gpxtpx:hr>114</gpxtpx:hr>
          </gpxtpx:TrackPointExtension>
        </extensions>
      </trkpt>
      <trkpt lat="30.278812209954765" lon="120.01027992018713">
        <ele>59.20000076293945</ele>
        <time>1970-01-01T00:07:27Z</time>
        <extensions>
          <gpxtpx:TrackPointExtension>
            <gpxtpx:hr>114</gpxtpx:hr>
          </gpxtpx:TrackPointExtension>
        </extensions>
      </trkpt>
      <trkpt lat="30.278714104792797" lon="120.01031883115327">
        <ele>60.0</ele>
        <time>1970-01-01T00:07:29Z</time>
        <extensions>
          <gpxtpx:TrackPointExtension>
            <gpxtpx:hr>115</gpxtpx:hr>
          </gpxtpx:TrackPointExtension>
        </extensions>
      </trkpt>
      <trkpt lat="30.27866206575305" lon="120.01033379812094">
        <ele>60.400001525878906</ele>
        <time>1970-01-01T00:07:30Z</time>
        <extensions>
          <gpxtpx:TrackPointExtension>
            <gpxtpx:hr>115</gpxtpx:hr>
          </gpxtpx:TrackPointExtension>
        </extensions>
      </trkpt>
      <trkpt lat="30.278507957269518" lon="120.01037570635539">
        <ele>61.599998474121094</ele>
        <time>1970-01-01T00:07:33Z</time>
        <extensions>
          <gpxtpx:TrackPointExtension>
            <gpxtpx:hr>116</gpxtpx:hr>
          </gpxtpx:TrackPointExtension>
        </extensions>
      </trkpt>
      <trkpt lat="30.2783577925084" lon="120.01043656691438">
        <ele>62.79999923706055</ele>
        <time>1970-01-01T00:07:36Z</time>
        <extensions>
          <gpxtpx:TrackPointExtension>
            <gpxtpx:hr>117</gpxtpx:hr>
          </gpxtpx:TrackPointExtension>
        </extensions>
      </trkpt>
      <trkpt lat="30.278271653866028" lon="120.01048644954463">
        <ele>64.0</ele>
        <time>1970-01-01T00:07:38Z</time>
        <extensions>
          <gpxtpx:TrackPointExtension>
            <gpxtpx:hr>116</gpxtpx:hr>
          </gpxtpx:TrackPointExtension>
        </extensions>
      </trkpt>
      <trkpt lat="30.27815146859133" lon="120.01055329272687">
        <ele>65.4000015258789</ele>
        <time>1970-01-01T00:07:41Z</time>
        <extensions>
          <gpxtpx:TrackPointExtension>
            <gpxtpx:hr>115</gpxtpx:hr>
          </gpxtpx:TrackPointExtension>
        </extensions>
      </trkpt>
      <trkpt lat="30.27801327336398" lon="120.01062412753099">
        <ele>66.80000305175781</ele>
        <time>1970-01-01T00:07:44Z</time>
        <extensions>
          <gpxtpx:TrackPointExtension>
            <gpxtpx:hr>115</gpxtpx:hr>
          </gpxtpx:TrackPointExtension>
        </extensions>
      </trkpt>
      <trkpt lat="30.277966216233857" lon="120.01064507920535">
        <ele>67.19999694824219</ele>
        <time>1970-01-01T00:07:45Z</time>
        <extensions>
          <gpxtpx:TrackPointExtension>
            <gpxtpx:hr>115</gpxtpx:hr>
          </gpxtpx:TrackPointExtension>
        </extensions>
      </trkpt>
      <trkpt lat="30.277922170569475" lon="120.01066204059093">
        <ele>67.80000305175781</ele>
        <time>1970-01-01T00:07:46Z</time>
        <extensions>
          <gpxtpx:TrackPointExtension>
            <gpxtpx:hr>114</gpxtpx:hr>
          </gpxtpx:TrackPointExtension>
        </extensions>
      </trkpt>
      <trkpt lat="30.27779204808515" lon="120.01070793704811">
        <ele>69.19999694824219</ele>
        <time>1970-01-01T00:07:49Z</time>
        <extensions>
          <gpxtpx:TrackPointExtension>
            <gpxtpx:hr>114</gpxtpx:hr>
          </gpxtpx:TrackPointExtension>
        </extensions>
      </trkpt>
      <trkpt lat="30.277698963137244" lon="120.0107398652528">
        <ele>70.19999694824219</ele>
        <time>1970-01-01T00:07:51Z</time>
        <extensions>
          <gpxtpx:TrackPointExtension>
            <gpxtpx:hr>114</gpxtpx:hr>
          </gpxtpx:TrackPointExtension>
        </extensions>
      </trkpt>
      <trkpt lat="30.27764691826404" lon="120.01075682733625">
        <ele>70.80000305175781</ele>
        <time>1970-01-01T00:07:52Z</time>
        <extensions>
          <gpxtpx:TrackPointExtension>
            <gpxtpx:hr>114</gpxtpx:hr>
          </gpxtpx:TrackPointExtension>
        </extensions>
      </trkpt>
      <trkpt lat="30.27751479894099" lon="120.01080172651356">
        <ele>72.0</ele>
        <time>1970-01-01T00:07:55Z</time>
        <extensions>
          <gpxtpx:TrackPointExtension>
            <gpxtpx:hr>114</gpxtpx:hr>
          </gpxtpx:TrackPointExtension>
        </extensions>
      </trkpt>
      <trkpt lat="30.277385658785906" lon="120.01085360806128">
        <ele>73.4000015258789</ele>
        <time>1970-01-01T00:07:58Z</time>
        <extensions>
          <gpxtpx:TrackPointExtension>
            <gpxtpx:hr>113</gpxtpx:hr>
          </gpxtpx:TrackPointExtension>
        </extensions>
      </trkpt>
      <trkpt lat="30.277290603423335" lon="120.01087556136561">
        <ele>74.80000305175781</ele>
        <time>1970-01-01T00:08:00Z</time>
        <extensions>
          <gpxtpx:TrackPointExtension>
            <gpxtpx:hr>113</gpxtpx:hr>
          </gpxtpx:TrackPointExtension>
        </extensions>
      </trkpt>
      <trkpt lat="30.277196565577476" lon="120.01089152950887">
        <ele>75.80000305175781</ele>
        <time>1970-01-01T00:08:02Z</time>
        <extensions>
          <gpxtpx:TrackPointExtension>
            <gpxtpx:hr>113</gpxtpx:hr>
          </gpxtpx:TrackPointExtension>
        </extensions>
      </trkpt>
      <trkpt lat="30.277108512469148" lon="120.01091248472143">
        <ele>77.0</ele>
        <time>1970-01-01T00:08:04Z</time>
        <extensions>
          <gpxtpx:TrackPointExtension>
            <gpxtpx:hr>114</gpxtpx:hr>
          </gpxtpx:TrackPointExtension>
        </extensions>
      </trkpt>
      <trkpt lat="30.277063484544335" lon="120.01092346117166">
        <ele>77.80000305175781</ele>
        <time>1970-01-01T00:08:05Z</time>
        <extensions>
          <gpxtpx:TrackPointExtension>
            <gpxtpx:hr>115</gpxtpx:hr>
          </gpxtpx:TrackPointExtension>
        </extensions>
      </trkpt>
      <trkpt lat="30.277019462393035" lon="120.01093244251028">
        <ele>78.4000015258789</ele>
        <time>1970-01-01T00:08:06Z</time>
        <extensions>
          <gpxtpx:TrackPointExtension>
            <gpxtpx:hr>115</gpxtpx:hr>
          </gpxtpx:TrackPointExtension>
        </extensions>
      </trkpt>
      <trkpt lat="30.27693437964541" lon="120.01096337263229">
        <ele>79.80000305175781</ele>
        <time>1970-01-01T00:08:08Z</time>
        <extensions>
          <gpxtpx:TrackPointExtension>
            <gpxtpx:hr>116</gpxtpx:hr>
          </gpxtpx:TrackPointExtension>
        </extensions>
      </trkpt>
      <trkpt lat="30.27685329651773" lon="120.01099430243153">
        <ele>81.4000015258789</ele>
        <time>1970-01-01T00:08:10Z</time>
        <extensions>
          <gpxtpx:TrackPointExtension>
            <gpxtpx:hr>115</gpxtpx:hr>
          </gpxtpx:TrackPointExtension>
        </extensions>
      </trkpt>
      <trkpt lat="30.276775233645704" lon="120.01101824938102">
        <ele>82.4000015258789</ele>
        <time>1970-01-01T00:08:12Z</time>
        <extensions>
          <gpxtpx:TrackPointExtension>
            <gpxtpx:hr>115</gpxtpx:hr>
          </gpxtpx:TrackPointExtension>
        </extensions>
      </trkpt>
      <trkpt lat="30.276746195375665" lon="120.01103221704828">
        <ele>83.19999694824219</ele>
        <time>1970-01-01T00:08:13Z</time>
        <extensions>
          <gpxtpx:TrackPointExtension>
            <gpxtpx:hr>115</gpxtpx:hr>
          </gpxtpx:TrackPointExtension>
        </extensions>
      </trkpt>
      <trkpt lat="30.27671917745044" lon="120.01103920193651">
        <ele>83.80000305175781</ele>
        <time>1970-01-01T00:08:14Z</time>
        <extensions>
          <gpxtpx:TrackPointExtension>
            <gpxtpx:hr>115</gpxtpx:hr>
          </gpxtpx:TrackPointExtension>
        </extensions>
      </trkpt>
      <trkpt lat="30.27665413679656" lon="120.01105516767495">
        <ele>84.80000305175781</ele>
        <time>1970-01-01T00:08:17Z</time>
        <extensions>
          <gpxtpx:TrackPointExtension>
            <gpxtpx:hr>114</gpxtpx:hr>
          </gpxtpx:TrackPointExtension>
        </extensions>
      </trkpt>
      <trkpt lat="30.27663712963918" lon="120.01105816165695">
        <ele>85.19999694824219</ele>
        <time>1970-01-01T00:08:18Z</time>
        <extensions>
          <gpxtpx:TrackPointExtension>
            <gpxtpx:hr>114</gpxtpx:hr>
          </gpxtpx:TrackPointExtension>
        </extensions>
      </trkpt>
      <trkpt lat="30.27659506916321" lon="120.01108011056186">
        <ele>85.80000305175781</ele>
        <time>1970-01-01T00:08:23Z</time>
        <extensions>
          <gpxtpx:TrackPointExtension>
            <gpxtpx:hr>111</gpxtpx:hr>
          </gpxtpx:TrackPointExtension>
        </extensions>
      </trkpt>
      <trkpt lat="30.276599074643247" lon="120.01107811519124">
        <ele>85.5999984741211</ele>
        <time>1970-01-01T00:08:27Z</time>
        <extensions>
          <gpxtpx:TrackPointExtension>
            <gpxtpx:hr>108</gpxtpx:hr>
          </gpxtpx:TrackPointExtension>
        </extensions>
      </trkpt>
      <trkpt lat="30.276599074643247" lon="120.01107811519124">
        <ele>85.5999984741211</ele>
        <time>1970-01-01T00:08:28Z</time>
        <extensions>
          <gpxtpx:TrackPointExtension>
            <gpxtpx:hr>107</gpxtpx:hr>
          </gpxtpx:TrackPointExtension>
        </extensions>
      </trkpt>
      <trkpt lat="30.276599074643247" lon="120.01107811519124">
        <ele>85.4000015258789</ele>
        <time>1970-01-01T00:08:30Z</time>
        <extensions>
          <gpxtpx:TrackPointExtension>
            <gpxtpx:hr>104</gpxtpx:hr>
          </gpxtpx:TrackPointExtension>
        </extensions>
      </trkpt>
      <trkpt lat="30.276599074643247" lon="120.01107811519124">
        <ele>84.80000305175781</ele>
        <time>1970-01-01T00:08:35Z</time>
        <extensions>
          <gpxtpx:TrackPointExtension>
            <gpxtpx:hr>101</gpxtpx:hr>
          </gpxtpx:TrackPointExtension>
        </extensions>
      </trkpt>
      <trkpt lat="30.276599074643247" lon="120.01107811519124">
        <ele>83.80000305175781</ele>
        <time>1970-01-01T00:08:41Z</time>
        <extensions>
          <gpxtpx:TrackPointExtension>
            <gpxtpx:hr>99</gpxtpx:hr>
          </gpxtpx:TrackPointExtension>
        </extensions>
      </trkpt>
      <trkpt lat="30.27659706603668" lon="120.01108110791007">
        <ele>82.5999984741211</ele>
        <time>1970-01-01T00:08:49Z</time>
        <extensions>
          <gpxtpx:TrackPointExtension>
            <gpxtpx:hr>101</gpxtpx:hr>
          </gpxtpx:TrackPointExtension>
        </extensions>
      </trkpt>
      <trkpt lat="30.27659706603668" lon="120.01108110791007">
        <ele>81.5999984741211</ele>
        <time>1970-01-01T00:08:55Z</time>
        <extensions>
          <gpxtpx:TrackPointExtension>
            <gpxtpx:hr>100</gpxtpx:hr>
          </gpxtpx:TrackPointExtension>
        </extensions>
      </trkpt>
      <trkpt lat="30.27659706603668" lon="120.01108110791007">
        <ele>80.4000015258789</ele>
        <time>1970-01-01T00:08:59Z</time>
        <extensions>
          <gpxtpx:TrackPointExtension>
            <gpxtpx:hr>98</gpxtpx:hr>
          </gpxtpx:TrackPointExtension>
        </extensions>
      </trkpt>
      <trkpt lat="30.27659706603668" lon="120.01108110791007">
        <ele>80.0</ele>
        <time>1970-01-01T00:09:01Z</time>
        <extensions>
          <gpxtpx:TrackPointExtension>
            <gpxtpx:hr>95</gpxtpx:hr>
          </gpxtpx:TrackPointExtension>
        </extensions>
      </trkpt>
      <trkpt lat="30.27659706603668" lon="120.01108110791007">
        <ele>79.19999694824219</ele>
        <time>1970-01-01T00:09:04Z</time>
        <extensions>
          <gpxtpx:TrackPointExtension>
            <gpxtpx:hr>94</gpxtpx:hr>
          </gpxtpx:TrackPointExtension>
        </extensions>
      </trkpt>
      <trkpt lat="30.27659305762349" lon="120.0110841007976">
        <ele>78.19999694824219</ele>
        <time>1970-01-01T00:09:08Z</time>
        <extensions>
          <gpxtpx:TrackPointExtension>
            <gpxtpx:hr>89</gpxtpx:hr>
          </gpxtpx:TrackPointExtension>
        </extensions>
      </trkpt>
      <trkpt lat="30.276576047533318" lon="120.01108809229777">
        <ele>77.80000305175781</ele>
        <time>1970-01-01T00:09:10Z</time>
        <extensions>
          <gpxtpx:TrackPointExtension>
            <gpxtpx:hr>84</gpxtpx:hr>
          </gpxtpx:TrackPointExtension>
        </extensions>
      </trkpt>
      <trkpt lat="30.276552029320083" lon="120.01109507693903">
        <ele>77.19999694824219</ele>
        <time>1970-01-01T00:09:12Z</time>
        <extensions>
          <gpxtpx:TrackPointExtension>
            <gpxtpx:hr>82</gpxtpx:hr>
          </gpxtpx:TrackPointExtension>
        </extensions>
      </trkpt>
      <trkpt lat="30.276519991349144" lon="120.0111090448753">
        <ele>76.5999984741211</ele>
        <time>1970-01-01T00:09:14Z</time>
        <extensions>
          <gpxtpx:TrackPointExtension>
            <gpxtpx:hr>81</gpxtpx:hr>
          </gpxtpx:TrackPointExtension>
        </extensions>
      </trkpt>
      <trkpt lat="30.276445904647975" lon="120.01114097167005">
        <ele>76.19999694824219</ele>
        <time>1970-01-01T00:09:17Z</time>
        <extensions>
          <gpxtpx:TrackPointExtension>
            <gpxtpx:hr>78</gpxtpx:hr>
          </gpxtpx:TrackPointExtension>
        </extensions>
      </trkpt>
      <trkpt lat="30.276392815930198" lon="120.0111728967103">
        <ele>76.19999694824219</ele>
        <time>1970-01-01T00:09:19Z</time>
        <extensions>
          <gpxtpx:TrackPointExtension>
            <gpxtpx:hr>78</gpxtpx:hr>
          </gpxtpx:TrackPointExtension>
        </extensions>
      </trkpt>
      <trkpt lat="30.276214616156935" lon="120.01124672809742">
        <ele>77.4000015258789</ele>
        <time>1970-01-01T00:09:25Z</time>
        <extensions>
          <gpxtpx:TrackPointExtension>
            <gpxtpx:hr>82</gpxtpx:hr>
          </gpxtpx:TrackPointExtension>
        </extensions>
      </trkpt>
      <trkpt lat="30.27618161054316" lon="120.01124972343665">
        <ele>77.80000305175781</ele>
        <time>1970-01-01T00:09:26Z</time>
        <extensions>
          <gpxtpx:TrackPointExtension>
            <gpxtpx:hr>80</gpxtpx:hr>
          </gpxtpx:TrackPointExtension>
        </extensions>
      </trkpt>
      <trkpt lat="30.276149596039442" lon="120.01125571124987">
        <ele>78.0</ele>
        <time>1970-01-01T00:09:27Z</time>
        <extensions>
          <gpxtpx:TrackPointExtension>
            <gpxtpx:hr>83</gpxtpx:hr>
          </gpxtpx:TrackPointExtension>
        </extensions>
      </trkpt>
      <trkpt lat="30.276116578700865" lon="120.01126269666744">
        <ele>78.4000015258789</ele>
        <time>1970-01-01T00:09:28Z</time>
        <extensions>
          <gpxtpx:TrackPointExtension>
            <gpxtpx:hr>87</gpxtpx:hr>
          </gpxtpx:TrackPointExtension>
        </extensions>
      </trkpt>
      <trkpt lat="30.276082555596872" lon="120.01127167720932">
        <ele>79.0</ele>
        <time>1970-01-01T00:09:29Z</time>
        <extensions>
          <gpxtpx:TrackPointExtension>
            <gpxtpx:hr>90</gpxtpx:hr>
          </gpxtpx:TrackPointExtension>
        </extensions>
      </trkpt>
      <trkpt lat="30.27600952159285" lon="120.0112856486386">
        <ele>79.80000305175781</ele>
        <time>1970-01-01T00:09:31Z</time>
        <extensions>
          <gpxtpx:TrackPointExtension>
            <gpxtpx:hr>93</gpxtpx:hr>
          </gpxtpx:TrackPointExtension>
        </extensions>
      </trkpt>
      <trkpt lat="30.27597651011471" lon="120.01129063901946">
        <ele>80.4000015258789</ele>
        <time>1970-01-01T00:09:32Z</time>
        <extensions>
          <gpxtpx:TrackPointExtension>
            <gpxtpx:hr>93</gpxtpx:hr>
          </gpxtpx:TrackPointExtension>
        </extensions>
      </trkpt>
      <trkpt lat="30.27594250166273" lon="120.01129463196499">
        <ele>80.5999984741211</ele>
        <time>1970-01-01T00:09:33Z</time>
        <extensions>
          <gpxtpx:TrackPointExtension>
            <gpxtpx:hr>93</gpxtpx:hr>
          </gpxtpx:TrackPointExtension>
        </extensions>
      </trkpt>
      <trkpt lat="30.275866473804502" lon="120.01130660861163">
        <ele>82.0</ele>
        <time>1970-01-01T00:09:35Z</time>
        <extensions>
          <gpxtpx:TrackPointExtension>
            <gpxtpx:hr>92</gpxtpx:hr>
          </gpxtpx:TrackPointExtension>
        </extensions>
      </trkpt>
      <trkpt lat="30.275796454158165" lon="120.01131559219375">
        <ele>83.4000015258789</ele>
        <time>1970-01-01T00:09:37Z</time>
        <extensions>
          <gpxtpx:TrackPointExtension>
            <gpxtpx:hr>94</gpxtpx:hr>
          </gpxtpx:TrackPointExtension>
        </extensions>
      </trkpt>
      <trkpt lat="30.27576243691279" lon="120.01132257770202">
        <ele>84.4000015258789</ele>
        <time>1970-01-01T00:09:38Z</time>
        <extensions>
          <gpxtpx:TrackPointExtension>
            <gpxtpx:hr>97</gpxtpx:hr>
          </gpxtpx:TrackPointExtension>
        </extensions>
      </trkpt>
      <trkpt lat="30.275724414191302" lon="120.01133155858928">
        <ele>85.0</ele>
        <time>1970-01-01T00:09:39Z</time>
        <extensions>
          <gpxtpx:TrackPointExtension>
            <gpxtpx:hr>99</gpxtpx:hr>
          </gpxtpx:TrackPointExtension>
        </extensions>
      </trkpt>
      <trkpt lat="30.275685388635985" lon="120.01134153708277">
        <ele>86.0</ele>
        <time>1970-01-01T00:09:40Z</time>
        <extensions>
          <gpxtpx:TrackPointExtension>
            <gpxtpx:hr>100</gpxtpx:hr>
          </gpxtpx:TrackPointExtension>
        </extensions>
      </trkpt>
      <trkpt lat="30.27564838339724" lon="120.01134453276349">
        <ele>86.5999984741211</ele>
        <time>1970-01-01T00:09:41Z</time>
        <extensions>
          <gpxtpx:TrackPointExtension>
            <gpxtpx:hr>100</gpxtpx:hr>
          </gpxtpx:TrackPointExtension>
        </extensions>
      </trkpt>
      <trkpt lat="30.275606363988633" lon="120.01135251647001">
        <ele>87.5999984741211</ele>
        <time>1970-01-01T00:09:42Z</time>
        <extensions>
          <gpxtpx:TrackPointExtension>
            <gpxtpx:hr>100</gpxtpx:hr>
          </gpxtpx:TrackPointExtension>
        </extensions>
      </trkpt>
      <trkpt lat="30.27552631306891" lon="120.01137247363353">
        <ele>89.0</ele>
        <time>1970-01-01T00:09:44Z</time>
        <extensions>
          <gpxtpx:TrackPointExtension>
            <gpxtpx:hr>100</gpxtpx:hr>
          </gpxtpx:TrackPointExtension>
        </extensions>
      </trkpt>
      <trkpt lat="30.275488284488357" lon="120.01138344957037">
        <ele>89.80000305175781</ele>
        <time>1970-01-01T00:09:45Z</time>
        <extensions>
          <gpxtpx:TrackPointExtension>
            <gpxtpx:hr>100</gpxtpx:hr>
          </gpxtpx:TrackPointExtension>
        </extensions>
      </trkpt>
      <trkpt lat="30.275452249858514" lon="120.01139642038359">
        <ele>90.80000305175781</ele>
        <time>1970-01-01T00:09:46Z</time>
        <extensions>
          <gpxtpx:TrackPointExtension>
            <gpxtpx:hr>100</gpxtpx:hr>
          </gpxtpx:TrackPointExtension>
        </extensions>
      </trkpt>
      <trkpt lat="30.275380183531535" lon="120.01142136449585">
        <ele>92.0</ele>
        <time>1970-01-01T00:09:48Z</time>
        <extensions>
          <gpxtpx:TrackPointExtension>
            <gpxtpx:hr>99</gpxtpx:hr>
          </gpxtpx:TrackPointExtension>
        </extensions>
      </trkpt>
      <trkpt lat="30.275303120616122" lon="120.01144531151678">
        <ele>93.19999694824219</ele>
        <time>1970-01-01T00:09:50Z</time>
        <extensions>
          <gpxtpx:TrackPointExtension>
            <gpxtpx:hr>99</gpxtpx:hr>
          </gpxtpx:TrackPointExtension>
        </extensions>
      </trkpt>
      <trkpt lat="30.27523407450796" lon="120.01146327273649">
        <ele>94.5999984741211</ele>
        <time>1970-01-01T00:09:52Z</time>
        <extensions>
          <gpxtpx:TrackPointExtension>
            <gpxtpx:hr>99</gpxtpx:hr>
          </gpxtpx:TrackPointExtension>
        </extensions>
      </trkpt>
      <trkpt lat="30.275204051023877" lon="120.01147225296894">
        <ele>95.0</ele>
        <time>1970-01-01T00:09:53Z</time>
        <extensions>
          <gpxtpx:TrackPointExtension>
            <gpxtpx:hr>99</gpxtpx:hr>
          </gpxtpx:TrackPointExtension>
        </extensions>
      </trkpt>
      <trkpt lat="30.275172036515436" lon="120.01147824080269">
        <ele>95.5999984741211</ele>
        <time>1970-01-01T00:09:54Z</time>
        <extensions>
          <gpxtpx:TrackPointExtension>
            <gpxtpx:hr>99</gpxtpx:hr>
          </gpxtpx:TrackPointExtension>
        </extensions>
      </trkpt>
      <trkpt lat="30.27506491499444" lon="120.0115231383635">
        <ele>97.0</ele>
        <time>1970-01-01T00:09:57Z</time>
        <extensions>
          <gpxtpx:TrackPointExtension>
            <gpxtpx:hr>100</gpxtpx:hr>
          </gpxtpx:TrackPointExtension>
        </extensions>
      </trkpt>
      <trkpt lat="30.2750157001563" lon="120.01159795679965">
        <ele>98.19999694824219</ele>
        <time>1970-01-01T00:09:59Z</time>
        <extensions>
          <gpxtpx:TrackPointExtension>
            <gpxtpx:hr>101</gpxtpx:hr>
          </gpxtpx:TrackPointExtension>
        </extensions>
      </trkpt>
      <trkpt lat="30.274996438648266" lon="120.01168773568264">
        <ele>99.4000015258789</ele>
        <time>1970-01-01T00:10:01Z</time>
        <extensions>
          <gpxtpx:TrackPointExtension>
            <gpxtpx:hr>101</gpxtpx:hr>
          </gpxtpx:TrackPointExtension>
        </extensions>
      </trkpt>
      <trkpt lat="30.274972171878744" lon="120.01177951016722">
        <ele>100.5999984741211</ele>
        <time>1970-01-01T00:10:03Z</time>
        <extensions>
          <gpxtpx:TrackPointExtension>
            <gpxtpx:hr>100</gpxtpx:hr>
          </gpxtpx:TrackPointExtension>
        </extensions>
      </trkpt>
      <trkpt lat="30.27495904447901" lon="120.01182340248677">
        <ele>101.5999984741211</ele>
        <time>1970-01-01T00:10:04Z</time>
        <extensions>
          <gpxtpx:TrackPointExtension>
            <gpxtpx:hr>100</gpxtpx:hr>
          </gpxtpx:TrackPointExtension>
        </extensions>
      </trkpt>
      <trkpt lat="30.27494991964646" lon="120.01186629697048">
        <ele>102.19999694824219</ele>
        <time>1970-01-01T00:10:05Z</time>
        <extensions>
          <gpxtpx:TrackPointExtension>
            <gpxtpx:hr>100</gpxtpx:hr>
          </gpxtpx:TrackPointExtension>
        </extensions>
      </trkpt>
      <trkpt lat="30.274944654208372" lon="120.01195707257982">
        <ele>103.5999984741211</ele>
        <time>1970-01-01T00:10:07Z</time>
        <extensions>
          <gpxtpx:TrackPointExtension>
            <gpxtpx:hr>101</gpxtpx:hr>
          </gpxtpx:TrackPointExtension>
        </extensions>
      </trkpt>
      <trkpt lat="30.274948379264053" lon="120.01205084015557">
        <ele>105.0</ele>
        <time>1970-01-01T00:10:09Z</time>
        <extensions>
          <gpxtpx:TrackPointExtension>
            <gpxtpx:hr>103</gpxtpx:hr>
          </gpxtpx:TrackPointExtension>
        </extensions>
      </trkpt>
      <trkpt lat="30.274967100090752" lon="120.0121456041394">
        <ele>106.4000015258789</ele>
        <time>1970-01-01T00:10:11Z</time>
        <extensions>
          <gpxtpx:TrackPointExtension>
            <gpxtpx:hr>104</gpxtpx:hr>
          </gpxtpx:TrackPointExtension>
        </extensions>
      </trkpt>
      <trkpt lat="30.274985838548155" lon="120.01223438305817">
        <ele>107.5999984741211</ele>
        <time>1970-01-01T00:10:13Z</time>
        <extensions>
          <gpxtpx:TrackPointExtension>
            <gpxtpx:hr>104</gpxtpx:hr>
          </gpxtpx:TrackPointExtension>
        </extensions>
      </trkpt>
      <trkpt lat="30.27500857090086" lon="120.01232515683814">
        <ele>109.0</ele>
        <time>1970-01-01T00:10:15Z</time>
        <extensions>
          <gpxtpx:TrackPointExtension>
            <gpxtpx:hr>104</gpxtpx:hr>
          </gpxtpx:TrackPointExtension>
        </extensions>
      </trkpt>
      <trkpt lat="30.27502931522085" lon="120.01241194076923">
        <ele>109.80000305175781</ele>
        <time>1970-01-01T00:10:17Z</time>
        <extensions>
          <gpxtpx:TrackPointExtension>
            <gpxtpx:hr>104</gpxtpx:hr>
          </gpxtpx:TrackPointExtension>
        </extensions>
      </trkpt>
      <trkpt lat="30.275042197382945" lon="120.01245184118604">
        <ele>110.19999694824219</ele>
        <time>1970-01-01T00:10:18Z</time>
        <extensions>
          <gpxtpx:TrackPointExtension>
            <gpxtpx:hr>103</gpxtpx:hr>
          </gpxtpx:TrackPointExtension>
        </extensions>
      </trkpt>
      <trkpt lat="30.275075888177348" lon="120.01255657991366">
        <ele>111.5999984741211</ele>
        <time>1970-01-01T00:10:21Z</time>
        <extensions>
          <gpxtpx:TrackPointExtension>
            <gpxtpx:hr>104</gpxtpx:hr>
          </gpxtpx:TrackPointExtension>
        </extensions>
      </trkpt>
      <trkpt lat="30.275083797112536" lon="120.01258750298209">
        <ele>112.5999984741211</ele>
        <time>1970-01-01T00:10:23Z</time>
        <extensions>
          <gpxtpx:TrackPointExtension>
            <gpxtpx:hr>104</gpxtpx:hr>
          </gpxtpx:TrackPointExtension>
        </extensions>
      </trkpt>
      <trkpt lat="30.27508378837451" lon="120.0125904956032">
        <ele>112.80000305175781</ele>
        <time>1970-01-01T00:10:24Z</time>
        <extensions>
          <gpxtpx:TrackPointExtension>
            <gpxtpx:hr>104</gpxtpx:hr>
          </gpxtpx:TrackPointExtension>
        </extensions>
      </trkpt>
      <trkpt lat="30.275082808858986" lon="120.01258351290515">
        <ele>113.0</ele>
        <time>1970-01-01T00:10:27Z</time>
        <extensions>
          <gpxtpx:TrackPointExtension>
            <gpxtpx:hr>104</gpxtpx:hr>
          </gpxtpx:TrackPointExtension>
        </extensions>
      </trkpt>
      <trkpt lat="30.275082808858986" lon="120.01258351290515">
        <ele>112.5999984741211</ele>
        <time>1970-01-01T00:10:32Z</time>
        <extensions>
          <gpxtpx:TrackPointExtension>
            <gpxtpx:hr>101</gpxtpx:hr>
          </gpxtpx:TrackPointExtension>
        </extensions>
      </trkpt>
      <trkpt lat="30.27508475332813" lon="120.01260246600481">
        <ele>111.80000305175781</ele>
        <time>1970-01-01T00:10:36Z</time>
        <extensions>
          <gpxtpx:TrackPointExtension>
            <gpxtpx:hr>99</gpxtpx:hr>
          </gpxtpx:TrackPointExtension>
        </extensions>
      </trkpt>
      <trkpt lat="30.275109599509243" lon="120.01265433602967">
        <ele>110.5999984741211</ele>
        <time>1970-01-01T00:10:40Z</time>
        <extensions>
          <gpxtpx:TrackPointExtension>
            <gpxtpx:hr>97</gpxtpx:hr>
          </gpxtpx:TrackPointExtension>
        </extensions>
      </trkpt>
      <trkpt lat="30.275126431938343" lon="120.01271119448481">
        <ele>109.80000305175781</ele>
        <time>1970-01-01T00:10:43Z</time>
        <extensions>
          <gpxtpx:TrackPointExtension>
            <gpxtpx:hr>97</gpxtpx:hr>
          </gpxtpx:TrackPointExtension>
        </extensions>
      </trkpt>
      <trkpt lat="30.275131367423477" lon="120.01273313999933">
        <ele>109.5999984741211</ele>
        <time>1970-01-01T00:10:44Z</time>
        <extensions>
          <gpxtpx:TrackPointExtension>
            <gpxtpx:hr>97</gpxtpx:hr>
          </gpxtpx:TrackPointExtension>
        </extensions>
      </trkpt>
      <trkpt lat="30.27515408587216" lon="120.01282890223781">
        <ele>108.4000015258789</ele>
        <time>1970-01-01T00:10:49Z</time>
        <extensions>
          <gpxtpx:TrackPointExtension>
            <gpxtpx:hr>97</gpxtpx:hr>
          </gpxtpx:TrackPointExtension>
        </extensions>
      </trkpt>
      <trkpt lat="30.27516893026895" lon="120.01288177084454">
        <ele>107.4000015258789</ele>
        <time>1970-01-01T00:10:52Z</time>
        <extensions>
          <gpxtpx:TrackPointExtension>
            <gpxtpx:hr>93</gpxtpx:hr>
          </gpxtpx:TrackPointExtension>
        </extensions>
      </trkpt>
      <trkpt lat="30.275168886643545" lon="120.01289673402414">
        <ele>107.19999694824219</ele>
        <time>1970-01-01T00:10:53Z</time>
        <extensions>
          <gpxtpx:TrackPointExtension>
            <gpxtpx:hr>92</gpxtpx:hr>
          </gpxtpx:TrackPointExtension>
        </extensions>
      </trkpt>
      <trkpt lat="30.27519672694165" lon="120.01295059914055">
        <ele>106.4000015258789</ele>
        <time>1970-01-01T00:10:57Z</time>
        <extensions>
          <gpxtpx:TrackPointExtension>
            <gpxtpx:hr>89</gpxtpx:hr>
          </gpxtpx:TrackPointExtension>
        </extensions>
      </trkpt>
      <trkpt lat="30.275197674513915" lon="120.0129685548928">
        <ele>106.0</ele>
        <time>1970-01-01T00:10:58Z</time>
        <extensions>
          <gpxtpx:TrackPointExtension>
            <gpxtpx:hr>89</gpxtpx:hr>
          </gpxtpx:TrackPointExtension>
        </extensions>
      </trkpt>
      <trkpt lat="30.27520848743034" lon="120.01303239698328">
        <ele>105.19999694824219</ele>
        <time>1970-01-01T00:11:01Z</time>
        <extensions>
          <gpxtpx:TrackPointExtension>
            <gpxtpx:hr>88</gpxtpx:hr>
          </gpxtpx:TrackPointExtension>
        </extensions>
      </trkpt>
      <trkpt lat="30.2752213408913" lon="120.01308227329238">
        <ele>105.0</ele>
        <time>1970-01-01T00:11:03Z</time>
        <extensions>
          <gpxtpx:TrackPointExtension>
            <gpxtpx:hr>88</gpxtpx:hr>
          </gpxtpx:TrackPointExtension>
        </extensions>
      </trkpt>
      <trkpt lat="30.275254928102097" lon="120.01322292493371">
        <ele>104.80000305175781</ele>
        <time>1970-01-01T00:11:08Z</time>
        <extensions>
          <gpxtpx:TrackPointExtension>
            <gpxtpx:hr>91</gpxtpx:hr>
          </gpxtpx:TrackPointExtension>
        </extensions>
      </trkpt>
      <trkpt lat="30.27526977280314" lon="120.0132757938896">
        <ele>104.80000305175781</ele>
        <time>1970-01-01T00:11:10Z</time>
        <extensions>
          <gpxtpx:TrackPointExtension>
            <gpxtpx:hr>94</gpxtpx:hr>
          </gpxtpx:TrackPointExtension>
        </extensions>
      </trkpt>
      <trkpt lat="30.275333282133555" lon="120.01344237987627">
        <ele>104.80000305175781</ele>
        <time>1970-01-01T00:11:16Z</time>
        <extensions>
          <gpxtpx:TrackPointExtension>
            <gpxtpx:hr>94</gpxtpx:hr>
          </gpxtpx:TrackPointExtension>
        </extensions>
      </trkpt>
      <trkpt lat="30.275361914047483" lon="120.01356806944767">
        <ele>105.0</ele>
        <time>1970-01-01T00:11:20Z</time>
        <extensions>
          <gpxtpx:TrackPointExtension>
            <gpxtpx:hr>91</gpxtpx:hr>
          </gpxtpx:TrackPointExtension>
        </extensions>
      </trkpt>
      <trkpt lat="30.275370707441397" lon="120.01363889526262">
        <ele>105.19999694824219</ele>
        <time>1970-01-01T00:11:22Z</time>
        <extensions>
          <gpxtpx:TrackPointExtension>
            <gpxtpx:hr>88</gpxtpx:hr>
          </gpxtpx:TrackPointExtension>
        </extensions>
      </trkpt>
      <trkpt lat="30.27543706977737" lon="120.01385635766418">
        <ele>105.80000305175781</ele>
        <time>1970-01-01T00:11:29Z</time>
        <extensions>
          <gpxtpx:TrackPointExtension>
            <gpxtpx:hr>89</gpxtpx:hr>
          </gpxtpx:TrackPointExtension>
        </extensions>
      </trkpt>
      <trkpt lat="30.275468777390053" lon="120.01395611122878">
        <ele>106.0</ele>
        <time>1970-01-01T00:11:32Z</time>
        <extensions>
          <gpxtpx:TrackPointExtension>
            <gpxtpx:hr>90</gpxtpx:hr>
          </gpxtpx:TrackPointExtension>
        </extensions>
      </trkpt>
      <trkpt lat="30.275540073854703" lon="120.01419651847195">
        <ele>106.80000305175781</ele>
        <time>1970-01-01T00:11:39Z</time>
        <extensions>
          <gpxtpx:TrackPointExtension>
            <gpxtpx:hr>91</gpxtpx:hr>
          </gpxtpx:TrackPointExtension>
        </extensions>
      </trkpt>
      <trkpt lat="30.275613371023354" lon="120.01443692657512">
        <ele>107.0</ele>
        <time>1970-01-01T00:11:45Z</time>
        <extensions>
          <gpxtpx:TrackPointExtension>
            <gpxtpx:hr>91</gpxtpx:hr>
          </gpxtpx:TrackPointExtension>
        </extensions>
      </trkpt>
      <trkpt lat="30.27564112317014" lon="120.01452171790224">
        <ele>107.5999984741211</ele>
        <time>1970-01-01T00:11:47Z</time>
        <extensions>
          <gpxtpx:TrackPointExtension>
            <gpxtpx:hr>91</gpxtpx:hr>
          </gpxtpx:TrackPointExtension>
        </extensions>
      </trkpt>
      <trkpt lat="30.27567873613788" lon="120.01465439214209">
        <ele>108.19999694824219</ele>
        <time>1970-01-01T00:11:50Z</time>
        <extensions>
          <gpxtpx:TrackPointExtension>
            <gpxtpx:hr>92</gpxtpx:hr>
          </gpxtpx:TrackPointExtension>
        </extensions>
      </trkpt>
      <trkpt lat="30.275740246310185" lon="120.0148219799329">
        <ele>109.19999694824219</ele>
        <time>1970-01-01T00:11:54Z</time>
        <extensions>
          <gpxtpx:TrackPointExtension>
            <gpxtpx:hr>92</gpxtpx:hr>
          </gpxtpx:TrackPointExtension>
        </extensions>
      </trkpt>
      <trkpt lat="30.275762979312855" lon="120.01491375534168">
        <ele>110.4000015258789</ele>
        <time>1970-01-01T00:11:57Z</time>
        <extensions>
          <gpxtpx:TrackPointExtension>
            <gpxtpx:hr>92</gpxtpx:hr>
          </gpxtpx:TrackPointExtension>
        </extensions>
      </trkpt>
      <trkpt lat="30.27576286710651" lon="120.01495266100406">
        <ele>111.19999694824219</ele>
        <time>1970-01-01T00:11:59Z</time>
        <extensions>
          <gpxtpx:TrackPointExtension>
            <gpxtpx:hr>92</gpxtpx:hr>
          </gpxtpx:TrackPointExtension>
        </extensions>
      </trkpt>
      <trkpt lat="30.2757647719897" lon="120.01498558103303">
        <ele>111.4000015258789</ele>
        <time>1970-01-01T00:12:01Z</time>
        <extensions>
          <gpxtpx:TrackPointExtension>
            <gpxtpx:hr>92</gpxtpx:hr>
          </gpxtpx:TrackPointExtension>
        </extensions>
      </trkpt>
      <trkpt lat="30.275774650241303" lon="120.01502747865176">
        <ele>111.5999984741211</ele>
        <time>1970-01-01T00:12:05Z</time>
        <extensions>
          <gpxtpx:TrackPointExtension>
            <gpxtpx:hr>90</gpxtpx:hr>
          </gpxtpx:TrackPointExtension>
        </extensions>
      </trkpt>
      <trkpt lat="30.275816229419792" lon="120.01517212481245">
        <ele>110.5999984741211</ele>
        <time>1970-01-01T00:12:11Z</time>
        <extensions>
          <gpxtpx:TrackPointExtension>
            <gpxtpx:hr>90</gpxtpx:hr>
          </gpxtpx:TrackPointExtension>
        </extensions>
      </trkpt>
      <trkpt lat="30.275839043357248" lon="120.01523596838273">
        <ele>110.4000015258789</ele>
        <time>1970-01-01T00:12:13Z</time>
        <extensions>
          <gpxtpx:TrackPointExtension>
            <gpxtpx:hr>91</gpxtpx:hr>
          </gpxtpx:TrackPointExtension>
        </extensions>
      </trkpt>
      <trkpt lat="30.27592546375524" lon="120.01543448116622">
        <ele>109.80000305175781</ele>
        <time>1970-01-01T00:12:20Z</time>
        <extensions>
          <gpxtpx:TrackPointExtension>
            <gpxtpx:hr>92</gpxtpx:hr>
          </gpxtpx:TrackPointExtension>
        </extensions>
      </trkpt>
      <trkpt lat="30.275983709856828" lon="120.01569484793501">
        <ele>111.0</ele>
        <time>1970-01-01T00:12:28Z</time>
        <extensions>
          <gpxtpx:TrackPointExtension>
            <gpxtpx:hr>91</gpxtpx:hr>
          </gpxtpx:TrackPointExtension>
        </extensions>
      </trkpt>
      <trkpt lat="30.275997513756217" lon="120.01576268328355">
        <ele>111.5999984741211</ele>
        <time>1970-01-01T00:12:30Z</time>
        <extensions>
          <gpxtpx:TrackPointExtension>
            <gpxtpx:hr>91</gpxtpx:hr>
          </gpxtpx:TrackPointExtension>
        </extensions>
      </trkpt>
      <trkpt lat="30.276035003530186" lon="120.0159392549892">
        <ele>112.5999984741211</ele>
        <time>1970-01-01T00:12:35Z</time>
        <extensions>
          <gpxtpx:TrackPointExtension>
            <gpxtpx:hr>92</gpxtpx:hr>
          </gpxtpx:TrackPointExtension>
        </extensions>
      </trkpt>
      <trkpt lat="30.276041899889886" lon="120.01597516801377">
        <ele>112.5999984741211</ele>
        <time>1970-01-01T00:12:36Z</time>
        <extensions>
          <gpxtpx:TrackPointExtension>
            <gpxtpx:hr>93</gpxtpx:hr>
          </gpxtpx:TrackPointExtension>
        </extensions>
      </trkpt>
      <trkpt lat="30.276072465256966" lon="120.01612580333487">
        <ele>113.5999984741211</ele>
        <time>1970-01-01T00:12:40Z</time>
        <extensions>
          <gpxtpx:TrackPointExtension>
            <gpxtpx:hr>92</gpxtpx:hr>
          </gpxtpx:TrackPointExtension>
        </extensions>
      </trkpt>
      <trkpt lat="30.27609813998504" lon="120.0162385304829">
        <ele>114.4000015258789</ele>
        <time>1970-01-01T00:12:43Z</time>
        <extensions>
          <gpxtpx:TrackPointExtension>
            <gpxtpx:hr>90</gpxtpx:hr>
          </gpxtpx:TrackPointExtension>
        </extensions>
      </trkpt>
      <trkpt lat="30.276123909104335" lon="120.01631833682319">
        <ele>114.5999984741211</ele>
        <time>1970-01-01T00:12:45Z</time>
        <extensions>
          <gpxtpx:TrackPointExtension>
            <gpxtpx:hr>90</gpxtpx:hr>
          </gpxtpx:TrackPointExtension>
        </extensions>
      </trkpt>
      <trkpt lat="30.276161580196653" lon="120.01643206099487">
        <ele>116.0</ele>
        <time>1970-01-01T00:12:48Z</time>
        <extensions>
          <gpxtpx:TrackPointExtension>
            <gpxtpx:hr>91</gpxtpx:hr>
          </gpxtpx:TrackPointExtension>
        </extensions>
      </trkpt>
      <trkpt lat="30.276195294650748" lon="120.0165308215831">
        <ele>116.80000305175781</ele>
        <time>1970-01-01T00:12:51Z</time>
        <extensions>
          <gpxtpx:TrackPointExtension>
            <gpxtpx:hr>92</gpxtpx:hr>
          </gpxtpx:TrackPointExtension>
        </extensions>
      </trkpt>
      <trkpt lat="30.276207202291808" lon="120.01656274415365">
        <ele>117.19999694824219</ele>
        <time>1970-01-01T00:12:52Z</time>
        <extensions>
          <gpxtpx:TrackPointExtension>
            <gpxtpx:hr>92</gpxtpx:hr>
          </gpxtpx:TrackPointExtension>
        </extensions>
      </trkpt>
      <trkpt lat="30.27624675977279" lon="120.0167163733074">
        <ele>118.19999694824219</ele>
        <time>1970-01-01T00:12:57Z</time>
        <extensions>
          <gpxtpx:TrackPointExtension>
            <gpxtpx:hr>93</gpxtpx:hr>
          </gpxtpx:TrackPointExtension>
        </extensions>
      </trkpt>
      <trkpt lat="30.27630611098463" lon="120.01694182982706">
        <ele>119.19999694824219</ele>
        <time>1970-01-01T00:13:05Z</time>
        <extensions>
          <gpxtpx:TrackPointExtension>
            <gpxtpx:hr>92</gpxtpx:hr>
          </gpxtpx:TrackPointExtension>
        </extensions>
      </trkpt>
      <trkpt lat="30.276306971594458" lon="120.01699071314223">
        <ele>119.19999694824219</ele>
        <time>1970-01-01T00:13:07Z</time>
        <extensions>
          <gpxtpx:TrackPointExtension>
            <gpxtpx:hr>91</gpxtpx:hr>
          </gpxtpx:TrackPointExtension>
        </extensions>
      </trkpt>
      <trkpt lat="30.276323682973135" lon="120.0170914715206">
        <ele>119.5999984741211</ele>
        <time>1970-01-01T00:13:11Z</time>
        <extensions>
          <gpxtpx:TrackPointExtension>
            <gpxtpx:hr>90</gpxtpx:hr>
          </gpxtpx:TrackPointExtension>
        </extensions>
      </trkpt>
      <trkpt lat="30.27633844582524" lon="120.01717427302829">
        <ele>120.5999984741211</ele>
        <time>1970-01-01T00:13:14Z</time>
        <extensions>
          <gpxtpx:TrackPointExtension>
            <gpxtpx:hr>92</gpxtpx:hr>
          </gpxtpx:TrackPointExtension>
        </extensions>
      </trkpt>
      <trkpt lat="30.276359100406875" lon="120.01729498398481">
        <ele>121.80000305175781</ele>
        <time>1970-01-01T00:13:18Z</time>
        <extensions>
          <gpxtpx:TrackPointExtension>
            <gpxtpx:hr>92</gpxtpx:hr>
          </gpxtpx:TrackPointExtension>
        </extensions>
      </trkpt>
      <trkpt lat="30.27636201218296" lon="120.01732591018151">
        <ele>122.19999694824219</ele>
        <time>1970-01-01T00:13:19Z</time>
        <extensions>
          <gpxtpx:TrackPointExtension>
            <gpxtpx:hr>92</gpxtpx:hr>
          </gpxtpx:TrackPointExtension>
        </extensions>
      </trkpt>
      <trkpt lat="30.27637375299449" lon="120.01741669337743">
        <ele>122.80000305175781</ele>
        <time>1970-01-01T00:13:22Z</time>
        <extensions>
          <gpxtpx:TrackPointExtension>
            <gpxtpx:hr>91</gpxtpx:hr>
          </gpxtpx:TrackPointExtension>
        </extensions>
      </trkpt>
      <trkpt lat="30.27639340819972" lon="120.0175374050222">
        <ele>123.4000015258789</ele>
        <time>1970-01-01T00:13:26Z</time>
        <extensions>
          <gpxtpx:TrackPointExtension>
            <gpxtpx:hr>91</gpxtpx:hr>
          </gpxtpx:TrackPointExtension>
        </extensions>
      </trkpt>
      <trkpt lat="30.276340019770675" lon="120.01767608056115">
        <ele>123.0</ele>
        <time>1970-01-01T00:13:31Z</time>
        <extensions>
          <gpxtpx:TrackPointExtension>
            <gpxtpx:hr>92</gpxtpx:hr>
          </gpxtpx:TrackPointExtension>
        </extensions>
      </trkpt>
      <trkpt lat="30.27621887864524" lon="120.01772996309955">
        <ele>121.80000305175781</ele>
        <time>1970-01-01T00:13:36Z</time>
        <extensions>
          <gpxtpx:TrackPointExtension>
            <gpxtpx:hr>92</gpxtpx:hr>
          </gpxtpx:TrackPointExtension>
        </extensions>
      </trkpt>
      <trkpt lat="30.27613685259914" lon="120.01774194165938">
        <ele>120.80000305175781</ele>
        <time>1970-01-01T00:13:39Z</time>
        <extensions>
          <gpxtpx:TrackPointExtension>
            <gpxtpx:hr>91</gpxtpx:hr>
          </gpxtpx:TrackPointExtension>
        </extensions>
      </trkpt>
      <trkpt lat="30.27604082224132" lon="120.01775591667783">
        <ele>119.80000305175781</ele>
        <time>1970-01-01T00:13:42Z</time>
        <extensions>
          <gpxtpx:TrackPointExtension>
            <gpxtpx:hr>90</gpxtpx:hr>
          </gpxtpx:TrackPointExtension>
        </extensions>
      </trkpt>
      <trkpt lat="30.275941794997266" lon="120.01776889431679">
        <ele>118.80000305175781</ele>
        <time>1970-01-01T00:13:45Z</time>
        <extensions>
          <gpxtpx:TrackPointExtension>
            <gpxtpx:hr>91</gpxtpx:hr>
          </gpxtpx:TrackPointExtension>
        </extensions>
      </trkpt>
      <trkpt lat="30.275842753609247" lon="120.01778686014568">
        <ele>117.80000305175781</ele>
        <time>1970-01-01T00:13:48Z</time>
        <extensions>
          <gpxtpx:TrackPointExtension>
            <gpxtpx:hr>92</gpxtpx:hr>
          </gpxtpx:TrackPointExtension>
        </extensions>
      </trkpt>
      <trkpt lat="30.275725725259303" lon="120.01780083695085">
        <ele>117.0</ele>
        <time>1970-01-01T00:13:51Z</time>
        <extensions>
          <gpxtpx:TrackPointExtension>
            <gpxtpx:hr>95</gpxtpx:hr>
          </gpxtpx:TrackPointExtension>
        </extensions>
      </trkpt>
      <trkpt lat="30.27569472258032" lon="120.01780283484405">
        <ele>116.5999984741211</ele>
        <time>1970-01-01T00:13:52Z</time>
        <extensions>
          <gpxtpx:TrackPointExtension>
            <gpxtpx:hr>96</gpxtpx:hr>
          </gpxtpx:TrackPointExtension>
        </extensions>
      </trkpt>
      <trkpt lat="30.27554862632386" lon="120.0178417550585">
        <ele>115.5999984741211</ele>
        <time>1970-01-01T00:13:56Z</time>
        <extensions>
          <gpxtpx:TrackPointExtension>
            <gpxtpx:hr>97</gpxtpx:hr>
          </gpxtpx:TrackPointExtension>
        </extensions>
      </trkpt>
      <trkpt lat="30.275363499901804" lon="120.0178926502718">
        <ele>115.19999694824219</ele>
        <time>1970-01-01T00:14:01Z</time>
        <extensions>
          <gpxtpx:TrackPointExtension>
            <gpxtpx:hr>96</gpxtpx:hr>
          </gpxtpx:TrackPointExtension>
        </extensions>
      </trkpt>
      <trkpt lat="30.275144342854382" lon="120.0179555201006">
        <ele>115.19999694824219</ele>
        <time>1970-01-01T00:14:07Z</time>
        <extensions>
          <gpxtpx:TrackPointExtension>
            <gpxtpx:hr>99</gpxtpx:hr>
          </gpxtpx:TrackPointExtension>
        </extensions>
      </trkpt>
      <trkpt lat="30.275105307036306" lon="120.01796949036874">
        <ele>115.19999694824219</ele>
        <time>1970-01-01T00:14:08Z</time>
        <extensions>
          <gpxtpx:TrackPointExtension>
            <gpxtpx:hr>100</gpxtpx:hr>
          </gpxtpx:TrackPointExtension>
        </extensions>
      </trkpt>
      <trkpt lat="30.274806149198938" lon="120.01803535998427">
        <ele>116.19999694824219</ele>
        <time>1970-01-01T00:14:16Z</time>
        <extensions>
          <gpxtpx:TrackPointExtension>
            <gpxtpx:hr>101</gpxtpx:hr>
          </gpxtpx:TrackPointExtension>
        </extensions>
      </trkpt>
      <trkpt lat="30.274579131302712" lon="120.01804934615322">
        <ele>116.4000015258789</ele>
        <time>1970-01-01T00:14:22Z</time>
        <extensions>
          <gpxtpx:TrackPointExtension>
            <gpxtpx:hr>105</gpxtpx:hr>
          </gpxtpx:TrackPointExtension>
        </extensions>
      </trkpt>
      <trkpt lat="30.27450114154943" lon="120.01804835509759">
        <ele>116.5999984741211</ele>
        <time>1970-01-01T00:14:24Z</time>
        <extensions>
          <gpxtpx:TrackPointExtension>
            <gpxtpx:hr>105</gpxtpx:hr>
          </gpxtpx:TrackPointExtension>
        </extensions>
      </trkpt>
      <trkpt lat="30.27433412072961" lon="120.01806133856009">
        <ele>116.80000305175781</ele>
        <time>1970-01-01T00:14:29Z</time>
        <extensions>
          <gpxtpx:TrackPointExtension>
            <gpxtpx:hr>103</gpxtpx:hr>
          </gpxtpx:TrackPointExtension>
        </extensions>
      </trkpt>
      <trkpt lat="30.274084127526926" lon="120.01806734553216">
        <ele>116.80000305175781</ele>
        <time>1970-01-01T00:14:37Z</time>
        <extensions>
          <gpxtpx:TrackPointExtension>
            <gpxtpx:hr>101</gpxtpx:hr>
          </gpxtpx:TrackPointExtension>
        </extensions>
      </trkpt>
      <trkpt lat="30.27391309292831" lon="120.01808531755576">
        <ele>116.80000305175781</ele>
        <time>1970-01-01T00:14:42Z</time>
        <extensions>
          <gpxtpx:TrackPointExtension>
            <gpxtpx:hr>98</gpxtpx:hr>
          </gpxtpx:TrackPointExtension>
        </extensions>
      </trkpt>
      <trkpt lat="30.273877070936628" lon="120.01809429938984">
        <ele>116.80000305175781</ele>
        <time>1970-01-01T00:14:43Z</time>
        <extensions>
          <gpxtpx:TrackPointExtension>
            <gpxtpx:hr>97</gpxtpx:hr>
          </gpxtpx:TrackPointExtension>
        </extensions>
      </trkpt>
      <trkpt lat="30.273611039659603" lon="120.01811427473518">
        <ele>116.4000015258789</ele>
        <time>1970-01-01T00:14:51Z</time>
        <extensions>
          <gpxtpx:TrackPointExtension>
            <gpxtpx:hr>97</gpxtpx:hr>
          </gpxtpx:TrackPointExtension>
        </extensions>
      </trkpt>
      <trkpt lat="30.27347900415884" lon="120.01813124583865">
        <ele>116.0</ele>
        <time>1970-01-01T00:14:56Z</time>
        <extensions>
          <gpxtpx:TrackPointExtension>
            <gpxtpx:hr>97</gpxtpx:hr>
          </gpxtpx:TrackPointExtension>
        </extensions>
      </trkpt>
      <trkpt lat="30.273440976709622" lon="120.01814222314022">
        <ele>115.5999984741211</ele>
        <time>1970-01-01T00:14:58Z</time>
        <extensions>
          <gpxtpx:TrackPointExtension>
            <gpxtpx:hr>97</gpxtpx:hr>
          </gpxtpx:TrackPointExtension>
        </extensions>
      </trkpt>
      <trkpt lat="30.273341904237867" lon="120.01817116321155">
        <ele>114.80000305175781</ele>
        <time>1970-01-01T00:15:02Z</time>
        <extensions>
          <gpxtpx:TrackPointExtension>
            <gpxtpx:hr>96</gpxtpx:hr>
          </gpxtpx:TrackPointExtension>
        </extensions>
      </trkpt>
      <trkpt lat="30.273294894565993" lon="120.01817615540854">
        <ele>114.5999984741211</ele>
        <time>1970-01-01T00:15:04Z</time>
        <extensions>
          <gpxtpx:TrackPointExtension>
            <gpxtpx:hr>97</gpxtpx:hr>
          </gpxtpx:TrackPointExtension>
        </extensions>
      </trkpt>
      <trkpt lat="30.27315285999695" lon="120.0181931273791">
        <ele>113.80000305175781</ele>
        <time>1970-01-01T00:15:08Z</time>
        <extensions>
          <gpxtpx:TrackPointExtension>
            <gpxtpx:hr>97</gpxtpx:hr>
          </gpxtpx:TrackPointExtension>
        </extensions>
      </trkpt>
      <trkpt lat="30.272937806904622" lon="120.01821908433874">
        <ele>114.0</ele>
        <time>1970-01-01T00:15:13Z</time>
        <extensions>
          <gpxtpx:TrackPointExtension>
            <gpxtpx:hr>99</gpxtpx:hr>
          </gpxtpx:TrackPointExtension>
        </extensions>
      </trkpt>
      <trkpt lat="30.27283881339028" lon="120.01822009034592">
        <ele>114.19999694824219</ele>
        <time>1970-01-01T00:15:16Z</time>
        <extensions>
          <gpxtpx:TrackPointExtension>
            <gpxtpx:hr>102</gpxtpx:hr>
          </gpxtpx:TrackPointExtension>
        </extensions>
      </trkpt>
      <trkpt lat="30.27278384957765" lon="120.01820912087982">
        <ele>114.19999694824219</ele>
        <time>1970-01-01T00:15:18Z</time>
        <extensions>
          <gpxtpx:TrackPointExtension>
            <gpxtpx:hr>103</gpxtpx:hr>
          </gpxtpx:TrackPointExtension>
        </extensions>
      </trkpt>
      <trkpt lat="30.272669865920463" lon="120.01820713521451">
        <ele>114.0</ele>
        <time>1970-01-01T00:15:23Z</time>
        <extensions>
          <gpxtpx:TrackPointExtension>
            <gpxtpx:hr>103</gpxtpx:hr>
          </gpxtpx:TrackPointExtension>
        </extensions>
      </trkpt>
      <trkpt lat="30.272618865065066" lon="120.01820913481407">
        <ele>113.5999984741211</ele>
        <time>1970-01-01T00:15:26Z</time>
        <extensions>
          <gpxtpx:TrackPointExtension>
            <gpxtpx:hr>104</gpxtpx:hr>
          </gpxtpx:TrackPointExtension>
        </extensions>
      </trkpt>
      <trkpt lat="30.272603883393323" lon="120.0182031502032">
        <ele>113.4000015258789</ele>
        <time>1970-01-01T00:15:27Z</time>
        <extensions>
          <gpxtpx:TrackPointExtension>
            <gpxtpx:hr>104</gpxtpx:hr>
          </gpxtpx:TrackPointExtension>
        </extensions>
      </trkpt>
      <trkpt lat="30.27259890642502" lon="120.0181951694565">
        <ele>112.5999984741211</ele>
        <time>1970-01-01T00:15:31Z</time>
        <extensions>
          <gpxtpx:TrackPointExtension>
            <gpxtpx:hr>104</gpxtpx:hr>
          </gpxtpx:TrackPointExtension>
        </extensions>
      </trkpt>
      <trkpt lat="30.27259890642502" lon="120.0181951694565">
        <ele>111.5999984741211</ele>
        <time>1970-01-01T00:15:32Z</time>
        <extensions>
          <gpxtpx:TrackPointExtension>
            <gpxtpx:hr>104</gpxtpx:hr>
          </gpxtpx:TrackPointExtension>
        </extensions>
      </trkpt>
      <trkpt lat="30.27259790651881" lon="120.01819516954096">
        <ele>111.5999984741211</ele>
        <time>1970-01-01T00:15:39Z</time>
        <extensions>
          <gpxtpx:TrackPointExtension>
            <gpxtpx:hr>101</gpxtpx:hr>
          </gpxtpx:TrackPointExtension>
        </extensions>
      </trkpt>
      <trkpt lat="30.272541914590338" lon="120.01819417662409">
        <ele>111.5999984741211</ele>
        <time>1970-01-01T00:15:42Z</time>
        <extensions>
          <gpxtpx:TrackPointExtension>
            <gpxtpx:hr>96</gpxtpx:hr>
          </gpxtpx:TrackPointExtension>
        </extensions>
      </trkpt>
      <trkpt lat="30.272384906737408" lon="120.01820217105139">
        <ele>111.19999694824219</ele>
        <time>1970-01-01T00:15:48Z</time>
        <extensions>
          <gpxtpx:TrackPointExtension>
            <gpxtpx:hr>94</gpxtpx:hr>
          </gpxtpx:TrackPointExtension>
        </extensions>
      </trkpt>
      <trkpt lat="30.272185843576885" lon="120.01823111960519">
        <ele>111.5999984741211</ele>
        <time>1970-01-01T00:15:55Z</time>
        <extensions>
          <gpxtpx:TrackPointExtension>
            <gpxtpx:hr>93</gpxtpx:hr>
          </gpxtpx:TrackPointExtension>
        </extensions>
      </trkpt>
      <trkpt lat="30.27206473929087" lon="120.01827203336079">
        <ele>112.80000305175781</ele>
        <time>1970-01-01T00:15:59Z</time>
        <extensions>
          <gpxtpx:TrackPointExtension>
            <gpxtpx:hr>95</gpxtpx:hr>
          </gpxtpx:TrackPointExtension>
        </extensions>
      </trkpt>
      <trkpt lat="30.2719296898818" lon="120.01829399301582">
        <ele>113.80000305175781</ele>
        <time>1970-01-01T00:16:03Z</time>
        <extensions>
          <gpxtpx:TrackPointExtension>
            <gpxtpx:hr>93</gpxtpx:hr>
          </gpxtpx:TrackPointExtension>
        </extensions>
      </trkpt>
      <trkpt lat="30.271819663502345" lon="120.01830697173321">
        <ele>114.80000305175781</ele>
        <time>1970-01-01T00:16:06Z</time>
        <extensions>
          <gpxtpx:TrackPointExtension>
            <gpxtpx:hr>90</gpxtpx:hr>
          </gpxtpx:TrackPointExtension>
        </extensions>
      </trkpt>
      <trkpt lat="30.271783658403525" lon="120.01830996771882">
        <ele>115.19999694824219</ele>
        <time>1970-01-01T00:16:07Z</time>
        <extensions>
          <gpxtpx:TrackPointExtension>
            <gpxtpx:hr>89</gpxtpx:hr>
          </gpxtpx:TrackPointExtension>
        </extensions>
      </trkpt>
      <trkpt lat="30.271635672191124" lon="120.01830998021732">
        <ele>116.19999694824219</ele>
        <time>1970-01-01T00:16:11Z</time>
        <extensions>
          <gpxtpx:TrackPointExtension>
            <gpxtpx:hr>89</gpxtpx:hr>
          </gpxtpx:TrackPointExtension>
        </extensions>
      </trkpt>
      <trkpt lat="30.271597672910413" lon="120.01831098107493">
        <ele>116.5999984741211</ele>
        <time>1970-01-01T00:16:12Z</time>
        <extensions>
          <gpxtpx:TrackPointExtension>
            <gpxtpx:hr>90</gpxtpx:hr>
          </gpxtpx:TrackPointExtension>
        </extensions>
      </trkpt>
      <trkpt lat="30.27147666725873" lon="120.01831697718484">
        <ele>117.5999984741211</ele>
        <time>1970-01-01T00:16:15Z</time>
        <extensions>
          <gpxtpx:TrackPointExtension>
            <gpxtpx:hr>93</gpxtpx:hr>
          </gpxtpx:TrackPointExtension>
        </extensions>
      </trkpt>
      <trkpt lat="30.271399665962857" lon="120.01831997663348">
        <ele>118.0</ele>
        <time>1970-01-01T00:16:17Z</time>
        <extensions>
          <gpxtpx:TrackPointExtension>
            <gpxtpx:hr>96</gpxtpx:hr>
          </gpxtpx:TrackPointExtension>
        </extensions>
      </trkpt>
      <trkpt lat="30.271325672838476" lon="120.01831998288267">
        <ele>118.4000015258789</ele>
        <time>1970-01-01T00:16:19Z</time>
        <extensions>
          <gpxtpx:TrackPointExtension>
            <gpxtpx:hr>99</gpxtpx:hr>
          </gpxtpx:TrackPointExtension>
        </extensions>
      </trkpt>
      <trkpt lat="30.27129067045297" lon="120.01832198113587">
        <ele>118.5999984741211</ele>
        <time>1970-01-01T00:16:20Z</time>
        <extensions>
          <gpxtpx:TrackPointExtension>
            <gpxtpx:hr>100</gpxtpx:hr>
          </gpxtpx:TrackPointExtension>
        </extensions>
      </trkpt>
      <trkpt lat="30.271220674133588" lon="120.01832298469604">
        <ele>118.80000305175781</ele>
        <time>1970-01-01T00:16:22Z</time>
        <extensions>
          <gpxtpx:TrackPointExtension>
            <gpxtpx:hr>102</gpxtpx:hr>
          </gpxtpx:TrackPointExtension>
        </extensions>
      </trkpt>
      <trkpt lat="30.271037795386473" lon="120.0182860871589">
        <ele>118.80000305175781</ele>
        <time>1970-01-01T00:16:27Z</time>
        <extensions>
          <gpxtpx:TrackPointExtension>
            <gpxtpx:hr>103</gpxtpx:hr>
          </gpxtpx:TrackPointExtension>
        </extensions>
      </trkpt>
      <trkpt lat="30.270865881791487" lon="120.01826116048993">
        <ele>119.80000305175781</ele>
        <time>1970-01-01T00:16:31Z</time>
        <extensions>
          <gpxtpx:TrackPointExtension>
            <gpxtpx:hr>105</gpxtpx:hr>
          </gpxtpx:TrackPointExtension>
        </extensions>
      </trkpt>
      <trkpt lat="30.270727928389935" lon="120.01824920037505">
        <ele>121.0</ele>
        <time>1970-01-01T00:16:34Z</time>
        <extensions>
          <gpxtpx:TrackPointExtension>
            <gpxtpx:hr>107</gpxtpx:hr>
          </gpxtpx:TrackPointExtension>
        </extensions>
      </trkpt>
      <trkpt lat="30.270635945352016" lon="120.01824621520235">
        <ele>121.5999984741211</ele>
        <time>1970-01-01T00:16:36Z</time>
        <extensions>
          <gpxtpx:TrackPointExtension>
            <gpxtpx:hr>110</gpxtpx:hr>
          </gpxtpx:TrackPointExtension>
        </extensions>
      </trkpt>
      <trkpt lat="30.270543984865068" lon="120.01823524885363">
        <ele>122.4000015258789</ele>
        <time>1970-01-01T00:16:38Z</time>
        <extensions>
          <gpxtpx:TrackPointExtension>
            <gpxtpx:hr>112</gpxtpx:hr>
          </gpxtpx:TrackPointExtension>
        </extensions>
      </trkpt>
      <trkpt lat="30.270362058055472" lon="120.01821531128778">
        <ele>123.4000015258789</ele>
        <time>1970-01-01T00:16:42Z</time>
        <extensions>
          <gpxtpx:TrackPointExtension>
            <gpxtpx:hr>112</gpxtpx:hr>
          </gpxtpx:TrackPointExtension>
        </extensions>
      </trkpt>
      <trkpt lat="30.270314076581016" lon="120.01821032710872">
        <ele>123.80000305175781</ele>
        <time>1970-01-01T00:16:43Z</time>
        <extensions>
          <gpxtpx:TrackPointExtension>
            <gpxtpx:hr>113</gpxtpx:hr>
          </gpxtpx:TrackPointExtension>
        </extensions>
      </trkpt>
      <trkpt lat="30.270214111176724" lon="120.0182013567361">
        <ele>124.80000305175781</ele>
        <time>1970-01-01T00:16:45Z</time>
        <extensions>
          <gpxtpx:TrackPointExtension>
            <gpxtpx:hr>113</gpxtpx:hr>
          </gpxtpx:TrackPointExtension>
        </extensions>
      </trkpt>
      <trkpt lat="30.26990925206208" lon="120.01816147665862">
        <ele>126.0</ele>
        <time>1970-01-01T00:16:51Z</time>
        <extensions>
          <gpxtpx:TrackPointExtension>
            <gpxtpx:hr>114</gpxtpx:hr>
          </gpxtpx:TrackPointExtension>
        </extensions>
      </trkpt>
      <trkpt lat="30.26980229574387" lon="120.01814951395063">
        <ele>126.19999694824219</ele>
        <time>1970-01-01T00:16:53Z</time>
        <extensions>
          <gpxtpx:TrackPointExtension>
            <gpxtpx:hr>116</gpxtpx:hr>
          </gpxtpx:TrackPointExtension>
        </extensions>
      </trkpt>
      <trkpt lat="30.269596427507757" lon="120.01810962555682">
        <ele>127.0</ele>
        <time>1970-01-01T00:16:57Z</time>
        <extensions>
          <gpxtpx:TrackPointExtension>
            <gpxtpx:hr>118</gpxtpx:hr>
          </gpxtpx:TrackPointExtension>
        </extensions>
      </trkpt>
      <trkpt lat="30.269354568211295" lon="120.01806774494922">
        <ele>127.19999694824219</ele>
        <time>1970-01-01T00:17:02Z</time>
        <extensions>
          <gpxtpx:TrackPointExtension>
            <gpxtpx:hr>119</gpxtpx:hr>
          </gpxtpx:TrackPointExtension>
        </extensions>
      </trkpt>
      <trkpt lat="30.2689008327362" lon="120.0179889695194">
        <ele>127.19999694824219</ele>
        <time>1970-01-01T00:17:11Z</time>
        <extensions>
          <gpxtpx:TrackPointExtension>
            <gpxtpx:hr>117</gpxtpx:hr>
          </gpxtpx:TrackPointExtension>
        </extensions>
      </trkpt>
      <trkpt lat="30.268413185099487" lon="120.01788026789619">
        <ele>126.80000305175781</ele>
        <time>1970-01-01T00:17:21Z</time>
        <extensions>
          <gpxtpx:TrackPointExtension>
            <gpxtpx:hr>114</gpxtpx:hr>
          </gpxtpx:TrackPointExtension>
        </extensions>
      </trkpt>
      <trkpt lat="30.268365217722195" lon="120.01787029555518">
        <ele>126.80000305175781</ele>
        <time>1970-01-01T00:17:22Z</time>
        <extensions>
          <gpxtpx:TrackPointExtension>
            <gpxtpx:hr>113</gpxtpx:hr>
          </gpxtpx:TrackPointExtension>
        </extensions>
      </trkpt>
      <trkpt lat="30.26831525052666" lon="120.01786032338511">
        <ele>126.80000305175781</ele>
        <time>1970-01-01T00:17:23Z</time>
        <extensions>
          <gpxtpx:TrackPointExtension>
            <gpxtpx:hr>110</gpxtpx:hr>
          </gpxtpx:TrackPointExtension>
        </extensions>
      </trkpt>
      <trkpt lat="30.26791556670211" lon="120.01776159099249">
        <ele>126.5999984741211</ele>
        <time>1970-01-01T00:17:31Z</time>
        <extensions>
          <gpxtpx:TrackPointExtension>
            <gpxtpx:hr>109</gpxtpx:hr>
          </gpxtpx:TrackPointExtension>
        </extensions>
      </trkpt>
      <trkpt lat="30.267555890656762" lon="120.01765886488586">
        <ele>126.5999984741211</ele>
        <time>1970-01-01T00:17:38Z</time>
        <extensions>
          <gpxtpx:TrackPointExtension>
            <gpxtpx:hr>106</gpxtpx:hr>
          </gpxtpx:TrackPointExtension>
        </extensions>
      </trkpt>
      <trkpt lat="30.26734607944164" lon="120.01759902456077">
        <ele>126.4000015258789</ele>
        <time>1970-01-01T00:17:42Z</time>
        <extensions>
          <gpxtpx:TrackPointExtension>
            <gpxtpx:hr>108</gpxtpx:hr>
          </gpxtpx:TrackPointExtension>
        </extensions>
      </trkpt>
      <trkpt lat="30.26718121889555" lon="120.01755514263127">
        <ele>126.19999694824219</ele>
        <time>1970-01-01T00:17:45Z</time>
        <extensions>
          <gpxtpx:TrackPointExtension>
            <gpxtpx:hr>111</gpxtpx:hr>
          </gpxtpx:TrackPointExtension>
        </extensions>
      </trkpt>
      <trkpt lat="30.266864479682354" lon="120.01747336357944">
        <ele>126.19999694824219</ele>
        <time>1970-01-01T00:17:51Z</time>
        <extensions>
          <gpxtpx:TrackPointExtension>
            <gpxtpx:hr>114</gpxtpx:hr>
          </gpxtpx:TrackPointExtension>
        </extensions>
      </trkpt>
      <trkpt lat="30.266814526676185" lon="120.01745840333739">
        <ele>126.19999694824219</ele>
        <time>1970-01-01T00:17:52Z</time>
        <extensions>
          <gpxtpx:TrackPointExtension>
            <gpxtpx:hr>114</gpxtpx:hr>
          </gpxtpx:TrackPointExtension>
        </extensions>
      </trkpt>
      <trkpt lat="30.266714606498603" lon="120.01743347101767">
        <ele>126.0</ele>
        <time>1970-01-01T00:17:54Z</time>
        <extensions>
          <gpxtpx:TrackPointExtension>
            <gpxtpx:hr>114</gpxtpx:hr>
          </gpxtpx:TrackPointExtension>
        </extensions>
      </trkpt>
      <trkpt lat="30.2663848997206" lon="120.01734071935485">
        <ele>125.0</ele>
        <time>1970-01-01T00:18:01Z</time>
        <extensions>
          <gpxtpx:TrackPointExtension>
            <gpxtpx:hr>116</gpxtpx:hr>
          </gpxtpx:TrackPointExtension>
        </extensions>
      </trkpt>
      <trkpt lat="30.266161087091643" lon="120.01728187822933">
        <ele>125.4000015258789</ele>
        <time>1970-01-01T00:18:06Z</time>
        <extensions>
          <gpxtpx:TrackPointExtension>
            <gpxtpx:hr>116</gpxtpx:hr>
          </gpxtpx:TrackPointExtension>
        </extensions>
      </trkpt>
      <trkpt lat="30.26602121591844" lon="120.01724098735326">
        <ele>125.5999984741211</ele>
        <time>1970-01-01T00:18:09Z</time>
        <extensions>
          <gpxtpx:TrackPointExtension>
            <gpxtpx:hr>115</gpxtpx:hr>
          </gpxtpx:TrackPointExtension>
        </extensions>
      </trkpt>
      <trkpt lat="30.26562151552613" lon="120.01714824196222">
        <ele>125.5999984741211</ele>
        <time>1970-01-01T00:18:17Z</time>
        <extensions>
          <gpxtpx:TrackPointExtension>
            <gpxtpx:hr>116</gpxtpx:hr>
          </gpxtpx:TrackPointExtension>
        </extensions>
      </trkpt>
      <trkpt lat="30.26537975002962" lon="120.01707344061771">
        <ele>125.19999694824219</ele>
        <time>1970-01-01T00:18:22Z</time>
        <extensions>
          <gpxtpx:TrackPointExtension>
            <gpxtpx:hr>119</gpxtpx:hr>
          </gpxtpx:TrackPointExtension>
        </extensions>
      </trkpt>
      <trkpt lat="30.265139955994314" lon="120.01700861543162">
        <ele>125.19999694824219</ele>
        <time>1970-01-01T00:18:27Z</time>
        <extensions>
          <gpxtpx:TrackPointExtension>
            <gpxtpx:hr>119</gpxtpx:hr>
          </gpxtpx:TrackPointExtension>
        </extensions>
      </trkpt>
      <trkpt lat="30.264741318217446" lon="120.01689392276299">
        <ele>125.0</ele>
        <time>1970-01-01T00:18:35Z</time>
        <extensions>
          <gpxtpx:TrackPointExtension>
            <gpxtpx:hr>119</gpxtpx:hr>
          </gpxtpx:TrackPointExtension>
        </extensions>
      </trkpt>
      <trkpt lat="30.264282685841845" lon="120.01677923542104">
        <ele>124.80000305175781</ele>
        <time>1970-01-01T00:18:44Z</time>
        <extensions>
          <gpxtpx:TrackPointExtension>
            <gpxtpx:hr>122</gpxtpx:hr>
          </gpxtpx:TrackPointExtension>
        </extensions>
      </trkpt>
      <trkpt lat="30.263923002153465" lon="120.0166795042083">
        <ele>124.80000305175781</ele>
        <time>1970-01-01T00:18:51Z</time>
        <extensions>
          <gpxtpx:TrackPointExtension>
            <gpxtpx:hr>122</gpxtpx:hr>
          </gpxtpx:TrackPointExtension>
        </extensions>
      </trkpt>
      <trkpt lat="30.2636262731468" lon="120.01659373445992">
        <ele>124.80000305175781</ele>
        <time>1970-01-01T00:18:57Z</time>
        <extensions>
          <gpxtpx:TrackPointExtension>
            <gpxtpx:hr>120</gpxtpx:hr>
          </gpxtpx:TrackPointExtension>
        </extensions>
      </trkpt>
      <trkpt lat="30.2634324411461" lon="120.01654087735682">
        <ele>124.80000305175781</ele>
        <time>1970-01-01T00:19:01Z</time>
        <extensions>
          <gpxtpx:TrackPointExtension>
            <gpxtpx:hr>120</gpxtpx:hr>
          </gpxtpx:TrackPointExtension>
        </extensions>
      </trkpt>
      <trkpt lat="30.26313068986914" lon="120.01646308914938">
        <ele>124.80000305175781</ele>
        <time>1970-01-01T00:19:07Z</time>
        <extensions>
          <gpxtpx:TrackPointExtension>
            <gpxtpx:hr>123</gpxtpx:hr>
          </gpxtpx:TrackPointExtension>
        </extensions>
      </trkpt>
      <trkpt lat="30.262931846947676" lon="120.01641422304246">
        <ele>124.80000305175781</ele>
        <time>1970-01-01T00:19:11Z</time>
        <extensions>
          <gpxtpx:TrackPointExtension>
            <gpxtpx:hr>123</gpxtpx:hr>
          </gpxtpx:TrackPointExtension>
        </extensions>
      </trkpt>
      <trkpt lat="30.262427293166798" lon="120.0162736028807">
        <ele>125.0</ele>
        <time>1970-01-01T00:19:21Z</time>
        <extensions>
          <gpxtpx:TrackPointExtension>
            <gpxtpx:hr>126</gpxtpx:hr>
          </gpxtpx:TrackPointExtension>
        </extensions>
      </trkpt>
      <trkpt lat="30.261964687354233" lon="120.01614993883436">
        <ele>124.5999984741211</ele>
        <time>1970-01-01T00:19:30Z</time>
        <extensions>
          <gpxtpx:TrackPointExtension>
            <gpxtpx:hr>127</gpxtpx:hr>
          </gpxtpx:TrackPointExtension>
        </extensions>
      </trkpt>
      <trkpt lat="30.261575041066056" lon="120.01603824015228">
        <ele>124.19999694824219</ele>
        <time>1970-01-01T00:19:38Z</time>
        <extensions>
          <gpxtpx:TrackPointExtension>
            <gpxtpx:hr>124</gpxtpx:hr>
          </gpxtpx:TrackPointExtension>
        </extensions>
      </trkpt>
      <trkpt lat="30.261532076215683" lon="120.01602727015518">
        <ele>124.0</ele>
        <time>1970-01-01T00:19:39Z</time>
        <extensions>
          <gpxtpx:TrackPointExtension>
            <gpxtpx:hr>124</gpxtpx:hr>
          </gpxtpx:TrackPointExtension>
        </extensions>
      </trkpt>
      <trkpt lat="30.26148911136609" lon="120.01601630016037">
        <ele>124.0</ele>
        <time>1970-01-01T00:19:40Z</time>
        <extensions>
          <gpxtpx:TrackPointExtension>
            <gpxtpx:hr>123</gpxtpx:hr>
          </gpxtpx:TrackPointExtension>
        </extensions>
      </trkpt>
      <trkpt lat="30.261126394227556" lon="120.01592854188793">
        <ele>123.4000015258789</ele>
        <time>1970-01-01T00:19:48Z</time>
        <extensions>
          <gpxtpx:TrackPointExtension>
            <gpxtpx:hr>122</gpxtpx:hr>
          </gpxtpx:TrackPointExtension>
        </extensions>
      </trkpt>
      <trkpt lat="30.260934568049592" lon="120.01587369010062">
        <ele>122.80000305175781</ele>
        <time>1970-01-01T00:19:52Z</time>
        <extensions>
          <gpxtpx:TrackPointExtension>
            <gpxtpx:hr>123</gpxtpx:hr>
          </gpxtpx:TrackPointExtension>
        </extensions>
      </trkpt>
      <trkpt lat="30.260743756124615" lon="120.01581385029611">
        <ele>122.5999984741211</ele>
        <time>1970-01-01T00:19:56Z</time>
        <extensions>
          <gpxtpx:TrackPointExtension>
            <gpxtpx:hr>122</gpxtpx:hr>
          </gpxtpx:TrackPointExtension>
        </extensions>
      </trkpt>
      <trkpt lat="30.26042903787114" lon="120.01572509071764">
        <ele>121.80000305175781</ele>
        <time>1970-01-01T00:20:03Z</time>
        <extensions>
          <gpxtpx:TrackPointExtension>
            <gpxtpx:hr>119</gpxtpx:hr>
          </gpxtpx:TrackPointExtension>
        </extensions>
      </trkpt>
      <trkpt lat="30.26038507599471" lon="120.01571312327437">
        <ele>121.80000305175781</ele>
        <time>1970-01-01T00:20:04Z</time>
        <extensions>
          <gpxtpx:TrackPointExtension>
            <gpxtpx:hr>119</gpxtpx:hr>
          </gpxtpx:TrackPointExtension>
        </extensions>
      </trkpt>
      <trkpt lat="30.260263169466025" lon="120.01568420328577">
        <ele>121.5999984741211</ele>
        <time>1970-01-01T00:20:07Z</time>
        <extensions>
          <gpxtpx:TrackPointExtension>
            <gpxtpx:hr>118</gpxtpx:hr>
          </gpxtpx:TrackPointExtension>
        </extensions>
      </trkpt>
      <trkpt lat="30.259951445314755" lon="120.01559743886014">
        <ele>121.0</ele>
        <time>1970-01-01T00:20:15Z</time>
        <extensions>
          <gpxtpx:TrackPointExtension>
            <gpxtpx:hr>117</gpxtpx:hr>
          </gpxtpx:TrackPointExtension>
        </extensions>
      </trkpt>
      <trkpt lat="30.25984054647215" lon="120.0155655252269">
        <ele>120.80000305175781</ele>
        <time>1970-01-01T00:20:18Z</time>
        <extensions>
          <gpxtpx:TrackPointExtension>
            <gpxtpx:hr>117</gpxtpx:hr>
          </gpxtpx:TrackPointExtension>
        </extensions>
      </trkpt>
      <trkpt lat="30.259545826699128" lon="120.01547676437828">
        <ele>120.5999984741211</ele>
        <time>1970-01-01T00:20:26Z</time>
        <extensions>
          <gpxtpx:TrackPointExtension>
            <gpxtpx:hr>116</gpxtpx:hr>
          </gpxtpx:TrackPointExtension>
        </extensions>
      </trkpt>
      <trkpt lat="30.259197117299745" lon="120.0153860130518">
        <ele>120.4000015258789</ele>
        <time>1970-01-01T00:20:35Z</time>
        <extensions>
          <gpxtpx:TrackPointExtension>
            <gpxtpx:hr>113</gpxtpx:hr>
          </gpxtpx:TrackPointExtension>
        </extensions>
      </trkpt>
      <trkpt lat="30.25891137680499" lon="120.01530423486072">
        <ele>120.19999694824219</ele>
        <time>1970-01-01T00:20:42Z</time>
        <extensions>
          <gpxtpx:TrackPointExtension>
            <gpxtpx:hr>115</gpxtpx:hr>
          </gpxtpx:TrackPointExtension>
        </extensions>
      </trkpt>
      <trkpt lat="30.258773500413707" lon="120.0152653405655">
        <ele>120.0</ele>
        <time>1970-01-01T00:20:46Z</time>
        <extensions>
          <gpxtpx:TrackPointExtension>
            <gpxtpx:hr>118</gpxtpx:hr>
          </gpxtpx:TrackPointExtension>
        </extensions>
      </trkpt>
      <trkpt lat="30.258693567456127" lon="120.01524439797512">
        <ele>119.5999984741211</ele>
        <time>1970-01-01T00:20:49Z</time>
        <extensions>
          <gpxtpx:TrackPointExtension>
            <gpxtpx:hr>117</gpxtpx:hr>
          </gpxtpx:TrackPointExtension>
        </extensions>
      </trkpt>
      <trkpt lat="30.258511755109836" lon="120.01518455812008">
        <ele>118.5999984741211</ele>
        <time>1970-01-01T00:20:56Z</time>
        <extensions>
          <gpxtpx:TrackPointExtension>
            <gpxtpx:hr>115</gpxtpx:hr>
          </gpxtpx:TrackPointExtension>
        </extensions>
      </trkpt>
      <trkpt lat="30.258326876953568" lon="120.01514766304544">
        <ele>117.80000305175781</ele>
        <time>1970-01-01T00:21:02Z</time>
        <extensions>
          <gpxtpx:TrackPointExtension>
            <gpxtpx:hr>112</gpxtpx:hr>
          </gpxtpx:TrackPointExtension>
        </extensions>
      </trkpt>
      <trkpt lat="30.258266933713497" lon="120.01512971156944">
        <ele>117.80000305175781</ele>
        <time>1970-01-01T00:21:04Z</time>
        <extensions>
          <gpxtpx:TrackPointExtension>
            <gpxtpx:hr>109</gpxtpx:hr>
          </gpxtpx:TrackPointExtension>
        </extensions>
      </trkpt>
      <trkpt lat="30.258238970549144" lon="120.01511774291016">
        <ele>117.5999984741211</ele>
        <time>1970-01-01T00:21:05Z</time>
        <extensions>
          <gpxtpx:TrackPointExtension>
            <gpxtpx:hr>109</gpxtpx:hr>
          </gpxtpx:TrackPointExtension>
        </extensions>
      </trkpt>
      <trkpt lat="30.258214010009485" lon="120.01510477641587">
        <ele>117.4000015258789</ele>
        <time>1970-01-01T00:21:06Z</time>
        <extensions>
          <gpxtpx:TrackPointExtension>
            <gpxtpx:hr>106</gpxtpx:hr>
          </gpxtpx:TrackPointExtension>
        </extensions>
      </trkpt>
      <trkpt lat="30.25811313058192" lon="120.0150658791441">
        <ele>116.80000305175781</ele>
        <time>1970-01-01T00:21:11Z</time>
        <extensions>
          <gpxtpx:TrackPointExtension>
            <gpxtpx:hr>104</gpxtpx:hr>
          </gpxtpx:TrackPointExtension>
        </extensions>
      </trkpt>
      <trkpt lat="30.258043274458792" lon="120.0150180010378">
        <ele>116.4000015258789</ele>
        <time>1970-01-01T00:21:14Z</time>
        <extensions>
          <gpxtpx:TrackPointExtension>
            <gpxtpx:hr>103</gpxtpx:hr>
          </gpxtpx:TrackPointExtension>
        </extensions>
      </trkpt>
      <trkpt lat="30.25795538535814" lon="120.01498209547928">
        <ele>116.0</ele>
        <time>1970-01-01T00:21:17Z</time>
        <extensions>
          <gpxtpx:TrackPointExtension>
            <gpxtpx:hr>104</gpxtpx:hr>
          </gpxtpx:TrackPointExtension>
        </extensions>
      </trkpt>
      <trkpt lat="30.25786052562788" lon="120.01493621471808">
        <ele>115.5999984741211</ele>
        <time>1970-01-01T00:21:20Z</time>
        <extensions>
          <gpxtpx:TrackPointExtension>
            <gpxtpx:hr>107</gpxtpx:hr>
          </gpxtpx:TrackPointExtension>
        </extensions>
      </trkpt>
      <trkpt lat="30.257785586560722" lon="120.01491726699551">
        <ele>115.5999984741211</ele>
        <time>1970-01-01T00:21:22Z</time>
        <extensions>
          <gpxtpx:TrackPointExtension>
            <gpxtpx:hr>111</gpxtpx:hr>
          </gpxtpx:TrackPointExtension>
        </extensions>
      </trkpt>
      <trkpt lat="30.257747632896194" lon="120.01490230648334">
        <ele>115.5999984741211</ele>
        <time>1970-01-01T00:21:23Z</time>
        <extensions>
          <gpxtpx:TrackPointExtension>
            <gpxtpx:hr>112</gpxtpx:hr>
          </gpxtpx:TrackPointExtension>
        </extensions>
      </trkpt>
      <trkpt lat="30.257509839826657" lon="120.01483748382782">
        <ele>115.80000305175781</ele>
        <time>1970-01-01T00:21:30Z</time>
        <extensions>
          <gpxtpx:TrackPointExtension>
            <gpxtpx:hr>110</gpxtpx:hr>
          </gpxtpx:TrackPointExtension>
        </extensions>
      </trkpt>
      <trkpt lat="30.257449888006906" lon="120.01482252519237">
        <ele>116.0</ele>
        <time>1970-01-01T00:21:32Z</time>
        <extensions>
          <gpxtpx:TrackPointExtension>
            <gpxtpx:hr>110</gpxtpx:hr>
          </gpxtpx:TrackPointExtension>
        </extensions>
      </trkpt>
      <trkpt lat="30.25731403177402" lon="120.0147766480219">
        <ele>116.0</ele>
        <time>1970-01-01T00:21:36Z</time>
        <extensions>
          <gpxtpx:TrackPointExtension>
            <gpxtpx:hr>110</gpxtpx:hr>
          </gpxtpx:TrackPointExtension>
        </extensions>
      </trkpt>
      <trkpt lat="30.257206138672032" lon="120.01474273946403">
        <ele>115.80000305175781</ele>
        <time>1970-01-01T00:21:39Z</time>
        <extensions>
          <gpxtpx:TrackPointExtension>
            <gpxtpx:hr>107</gpxtpx:hr>
          </gpxtpx:TrackPointExtension>
        </extensions>
      </trkpt>
      <trkpt lat="30.25709323447321" lon="120.01471282165836">
        <ele>116.0</ele>
        <time>1970-01-01T00:21:42Z</time>
        <extensions>
          <gpxtpx:TrackPointExtension>
            <gpxtpx:hr>106</gpxtpx:hr>
          </gpxtpx:TrackPointExtension>
        </extensions>
      </trkpt>
      <trkpt lat="30.25682644389921" lon="120.0146480016704">
        <ele>116.19999694824219</ele>
        <time>1970-01-01T00:21:49Z</time>
        <extensions>
          <gpxtpx:TrackPointExtension>
            <gpxtpx:hr>106</gpxtpx:hr>
          </gpxtpx:TrackPointExtension>
        </extensions>
      </trkpt>
      <trkpt lat="30.256616616920883" lon="120.01459415028013">
        <ele>116.5999984741211</ele>
        <time>1970-01-01T00:21:55Z</time>
        <extensions>
          <gpxtpx:TrackPointExtension>
            <gpxtpx:hr>107</gpxtpx:hr>
          </gpxtpx:TrackPointExtension>
        </extensions>
      </trkpt>
      <trkpt lat="30.256380800756354" lon="120.01453730841075">
        <ele>116.4000015258789</ele>
        <time>1970-01-01T00:22:02Z</time>
        <extensions>
          <gpxtpx:TrackPointExtension>
            <gpxtpx:hr>106</gpxtpx:hr>
          </gpxtpx:TrackPointExtension>
        </extensions>
      </trkpt>
      <trkpt lat="30.256242872700497" lon="120.01451637098793">
        <ele>116.19999694824219</ele>
        <time>1970-01-01T00:22:06Z</time>
        <extensions>
          <gpxtpx:TrackPointExtension>
            <gpxtpx:hr>107</gpxtpx:hr>
          </gpxtpx:TrackPointExtension>
        </extensions>
      </trkpt>
      <trkpt lat="30.255950130474112" lon="120.01443559225737">
        <ele>116.0</ele>
        <time>1970-01-01T00:22:15Z</time>
        <extensions>
          <gpxtpx:TrackPointExtension>
            <gpxtpx:hr>105</gpxtpx:hr>
          </gpxtpx:TrackPointExtension>
        </extensions>
      </trkpt>
      <trkpt lat="30.255837260952777" lon="120.01439370375401">
        <ele>115.5999984741211</ele>
        <time>1970-01-01T00:22:21Z</time>
        <extensions>
          <gpxtpx:TrackPointExtension>
            <gpxtpx:hr>104</gpxtpx:hr>
          </gpxtpx:TrackPointExtension>
        </extensions>
      </trkpt>
      <trkpt lat="30.255831247017834" lon="120.0143986921188">
        <ele>115.4000015258789</ele>
        <time>1970-01-01T00:22:24Z</time>
        <extensions>
          <gpxtpx:TrackPointExtension>
            <gpxtpx:hr>102</gpxtpx:hr>
          </gpxtpx:TrackPointExtension>
        </extensions>
      </trkpt>
      <trkpt lat="30.255831247017834" lon="120.0143986921188">
        <ele>115.0</ele>
        <time>1970-01-01T00:22:25Z</time>
        <extensions>
          <gpxtpx:TrackPointExtension>
            <gpxtpx:hr>102</gpxtpx:hr>
          </gpxtpx:TrackPointExtension>
        </extensions>
      </trkpt>
      <trkpt lat="30.25582025369329" lon="120.01439669790244">
        <ele>114.5999984741211</ele>
        <time>1970-01-01T00:22:28Z</time>
        <extensions>
          <gpxtpx:TrackPointExtension>
            <gpxtpx:hr>99</gpxtpx:hr>
          </gpxtpx:TrackPointExtension>
        </extensions>
      </trkpt>
      <trkpt lat="30.25580925171181" lon="120.01439769640156">
        <ele>114.19999694824219</ele>
        <time>1970-01-01T00:22:29Z</time>
        <extensions>
          <gpxtpx:TrackPointExtension>
            <gpxtpx:hr>98</gpxtpx:hr>
          </gpxtpx:TrackPointExtension>
        </extensions>
      </trkpt>
      <trkpt lat="30.255793276112207" lon="120.01438971717633">
        <ele>114.0</ele>
        <time>1970-01-01T00:22:30Z</time>
        <extensions>
          <gpxtpx:TrackPointExtension>
            <gpxtpx:hr>98</gpxtpx:hr>
          </gpxtpx:TrackPointExtension>
        </extensions>
      </trkpt>
      <trkpt lat="30.25577129812058" lon="120.01438273602959">
        <ele>113.80000305175781</ele>
        <time>1970-01-01T00:22:31Z</time>
        <extensions>
          <gpxtpx:TrackPointExtension>
            <gpxtpx:hr>97</gpxtpx:hr>
          </gpxtpx:TrackPointExtension>
        </extensions>
      </trkpt>
      <trkpt lat="30.255665251998074" lon="120.0144016988282">
        <ele>113.5999984741211</ele>
        <time>1970-01-01T00:22:35Z</time>
        <extensions>
          <gpxtpx:TrackPointExtension>
            <gpxtpx:hr>99</gpxtpx:hr>
          </gpxtpx:TrackPointExtension>
        </extensions>
      </trkpt>
      <trkpt lat="30.25557222788987" lon="120.01441267996009">
        <ele>113.19999694824219</ele>
        <time>1970-01-01T00:22:38Z</time>
        <extensions>
          <gpxtpx:TrackPointExtension>
            <gpxtpx:hr>97</gpxtpx:hr>
          </gpxtpx:TrackPointExtension>
        </extensions>
      </trkpt>
      <trkpt lat="30.255463210859673" lon="120.0144216672984">
        <ele>113.0</ele>
        <time>1970-01-01T00:22:41Z</time>
        <extensions>
          <gpxtpx:TrackPointExtension>
            <gpxtpx:hr>96</gpxtpx:hr>
          </gpxtpx:TrackPointExtension>
        </extensions>
      </trkpt>
      <trkpt lat="30.255265391558677" lon="120.01436482239939">
        <ele>113.19999694824219</ele>
        <time>1970-01-01T00:22:46Z</time>
        <extensions>
          <gpxtpx:TrackPointExtension>
            <gpxtpx:hr>99</gpxtpx:hr>
          </gpxtpx:TrackPointExtension>
        </extensions>
      </trkpt>
      <trkpt lat="30.25518946127429" lon="120.01434288224281">
        <ele>113.19999694824219</ele>
        <time>1970-01-01T00:22:48Z</time>
        <extensions>
          <gpxtpx:TrackPointExtension>
            <gpxtpx:hr>102</gpxtpx:hr>
          </gpxtpx:TrackPointExtension>
        </extensions>
      </trkpt>
      <trkpt lat="30.254969681340384" lon="120.01427307087125">
        <ele>114.0</ele>
        <time>1970-01-01T00:22:54Z</time>
        <extensions>
          <gpxtpx:TrackPointExtension>
            <gpxtpx:hr>104</gpxtpx:hr>
          </gpxtpx:TrackPointExtension>
        </extensions>
      </trkpt>
      <trkpt lat="30.25489773053122" lon="120.01425811339816">
        <ele>114.19999694824219</ele>
        <time>1970-01-01T00:22:56Z</time>
        <extensions>
          <gpxtpx:TrackPointExtension>
            <gpxtpx:hr>104</gpxtpx:hr>
          </gpxtpx:TrackPointExtension>
        </extensions>
      </trkpt>
      <trkpt lat="30.254685941328827" lon="120.01419129416132">
        <ele>114.80000305175781</ele>
        <time>1970-01-01T00:23:02Z</time>
        <extensions>
          <gpxtpx:TrackPointExtension>
            <gpxtpx:hr>104</gpxtpx:hr>
          </gpxtpx:TrackPointExtension>
        </extensions>
      </trkpt>
      <trkpt lat="30.254484082000467" lon="120.01414841577304">
        <ele>115.19999694824219</ele>
        <time>1970-01-01T00:23:07Z</time>
        <extensions>
          <gpxtpx:TrackPointExtension>
            <gpxtpx:hr>105</gpxtpx:hr>
          </gpxtpx:TrackPointExtension>
        </extensions>
      </trkpt>
      <trkpt lat="30.25443911455434" lon="120.01413844389282">
        <ele>115.4000015258789</ele>
        <time>1970-01-01T00:23:08Z</time>
        <extensions>
          <gpxtpx:TrackPointExtension>
            <gpxtpx:hr>105</gpxtpx:hr>
          </gpxtpx:TrackPointExtension>
        </extensions>
      </trkpt>
      <trkpt lat="30.254258244852938" lon="120.0140985564736">
        <ele>116.4000015258789</ele>
        <time>1970-01-01T00:23:12Z</time>
        <extensions>
          <gpxtpx:TrackPointExtension>
            <gpxtpx:hr>107</gpxtpx:hr>
          </gpxtpx:TrackPointExtension>
        </extensions>
      </trkpt>
      <trkpt lat="30.254171312610058" lon="120.0140776149132">
        <ele>116.80000305175781</ele>
        <time>1970-01-01T00:23:14Z</time>
        <extensions>
          <gpxtpx:TrackPointExtension>
            <gpxtpx:hr>109</gpxtpx:hr>
          </gpxtpx:TrackPointExtension>
        </extensions>
      </trkpt>
      <trkpt lat="30.254027411006007" lon="120.01404770007328">
        <ele>117.4000015258789</ele>
        <time>1970-01-01T00:23:17Z</time>
        <extensions>
          <gpxtpx:TrackPointExtension>
            <gpxtpx:hr>110</gpxtpx:hr>
          </gpxtpx:TrackPointExtension>
        </extensions>
      </trkpt>
      <trkpt lat="30.25394246993027" lon="120.01402975105879">
        <ele>117.80000305175781</ele>
        <time>1970-01-01T00:23:19Z</time>
        <extensions>
          <gpxtpx:TrackPointExtension>
            <gpxtpx:hr>111</gpxtpx:hr>
          </gpxtpx:TrackPointExtension>
        </extensions>
      </trkpt>
      <trkpt lat="30.2538195406029" lon="120.01400881255769">
        <ele>118.4000015258789</ele>
        <time>1970-01-01T00:23:22Z</time>
        <extensions>
          <gpxtpx:TrackPointExtension>
            <gpxtpx:hr>112</gpxtpx:hr>
          </gpxtpx:TrackPointExtension>
        </extensions>
      </trkpt>
      <trkpt lat="30.2537065988966" lon="120.01399186347987">
        <ele>118.80000305175781</ele>
        <time>1970-01-01T00:23:24Z</time>
        <extensions>
          <gpxtpx:TrackPointExtension>
            <gpxtpx:hr>111</gpxtpx:hr>
          </gpxtpx:TrackPointExtension>
        </extensions>
      </trkpt>
      <trkpt lat="30.253585669400763" lon="120.0139709248239">
        <ele>119.5999984741211</ele>
        <time>1970-01-01T00:23:27Z</time>
        <extensions>
          <gpxtpx:TrackPointExtension>
            <gpxtpx:hr>110</gpxtpx:hr>
          </gpxtpx:TrackPointExtension>
        </extensions>
      </trkpt>
      <trkpt lat="30.253436834729026" lon="120.01391806649826">
        <ele>120.0</ele>
        <time>1970-01-01T00:23:30Z</time>
        <extensions>
          <gpxtpx:TrackPointExtension>
            <gpxtpx:hr>109</gpxtpx:hr>
          </gpxtpx:TrackPointExtension>
        </extensions>
      </trkpt>
      <trkpt lat="30.253186863539792" lon="120.01391509487816">
        <ele>120.4000015258789</ele>
        <time>1970-01-01T00:23:36Z</time>
        <extensions>
          <gpxtpx:TrackPointExtension>
            <gpxtpx:hr>108</gpxtpx:hr>
          </gpxtpx:TrackPointExtension>
        </extensions>
      </trkpt>
      <trkpt lat="30.25295502685862" lon="120.01386523628577">
        <ele>120.4000015258789</ele>
        <time>1970-01-01T00:23:42Z</time>
        <extensions>
          <gpxtpx:TrackPointExtension>
            <gpxtpx:hr>107</gpxtpx:hr>
          </gpxtpx:TrackPointExtension>
        </extensions>
      </trkpt>
      <trkpt lat="30.252784063729813" lon="120.01385727019796">
        <ele>120.4000015258789</ele>
        <time>1970-01-01T00:23:46Z</time>
        <extensions>
          <gpxtpx:TrackPointExtension>
            <gpxtpx:hr>107</gpxtpx:hr>
          </gpxtpx:TrackPointExtension>
        </extensions>
      </trkpt>
      <trkpt lat="30.252704087505958" lon="120.0138512915664">
        <ele>120.4000015258789</ele>
        <time>1970-01-01T00:23:48Z</time>
        <extensions>
          <gpxtpx:TrackPointExtension>
            <gpxtpx:hr>107</gpxtpx:hr>
          </gpxtpx:TrackPointExtension>
        </extensions>
      </trkpt>
      <trkpt lat="30.2526620879765" lon="120.01385229266823">
        <ele>120.5999984741211</ele>
        <time>1970-01-01T00:23:49Z</time>
        <extensions>
          <gpxtpx:TrackPointExtension>
            <gpxtpx:hr>107</gpxtpx:hr>
          </gpxtpx:TrackPointExtension>
        </extensions>
      </trkpt>
      <trkpt lat="30.25258110314432" lon="120.01384930680793">
        <ele>120.80000305175781</ele>
        <time>1970-01-01T00:23:51Z</time>
        <extensions>
          <gpxtpx:TrackPointExtension>
            <gpxtpx:hr>107</gpxtpx:hr>
          </gpxtpx:TrackPointExtension>
        </extensions>
      </trkpt>
      <trkpt lat="30.252346339036233" lon="120.01377450949629">
        <ele>121.19999694824219</ele>
        <time>1970-01-01T00:23:56Z</time>
        <extensions>
          <gpxtpx:TrackPointExtension>
            <gpxtpx:hr>107</gpxtpx:hr>
          </gpxtpx:TrackPointExtension>
        </extensions>
      </trkpt>
      <trkpt lat="30.252203419943402" lon="120.01375058009062">
        <ele>121.4000015258789</ele>
        <time>1970-01-01T00:23:59Z</time>
        <extensions>
          <gpxtpx:TrackPointExtension>
            <gpxtpx:hr>107</gpxtpx:hr>
          </gpxtpx:TrackPointExtension>
        </extensions>
      </trkpt>
      <trkpt lat="30.252152432698836" lon="120.0137475917071">
        <ele>121.80000305175781</ele>
        <time>1970-01-01T00:24:00Z</time>
        <extensions>
          <gpxtpx:TrackPointExtension>
            <gpxtpx:hr>107</gpxtpx:hr>
          </gpxtpx:TrackPointExtension>
        </extensions>
      </trkpt>
      <trkpt lat="30.25206342242113" lon="120.01375358457024">
        <ele>122.19999694824219</ele>
        <time>1970-01-01T00:24:02Z</time>
        <extensions>
          <gpxtpx:TrackPointExtension>
            <gpxtpx:hr>108</gpxtpx:hr>
          </gpxtpx:TrackPointExtension>
        </extensions>
      </trkpt>
      <trkpt lat="30.25197444109417" lon="120.01374960182835">
        <ele>122.4000015258789</ele>
        <time>1970-01-01T00:24:04Z</time>
        <extensions>
          <gpxtpx:TrackPointExtension>
            <gpxtpx:hr>108</gpxtpx:hr>
          </gpxtpx:TrackPointExtension>
        </extensions>
      </trkpt>
      <trkpt lat="30.251858461910718" lon="120.01374562136202">
        <ele>122.80000305175781</ele>
        <time>1970-01-01T00:24:07Z</time>
        <extensions>
          <gpxtpx:TrackPointExtension>
            <gpxtpx:hr>108</gpxtpx:hr>
          </gpxtpx:TrackPointExtension>
        </extensions>
      </trkpt>
      <trkpt lat="30.251640577701973" lon="120.01371172268885">
        <ele>123.4000015258789</ele>
        <time>1970-01-01T00:24:13Z</time>
        <extensions>
          <gpxtpx:TrackPointExtension>
            <gpxtpx:hr>110</gpxtpx:hr>
          </gpxtpx:TrackPointExtension>
        </extensions>
      </trkpt>
      <trkpt lat="30.251561598455336" lon="120.01370674154718">
        <ele>123.4000015258789</ele>
        <time>1970-01-01T00:24:15Z</time>
        <extensions>
          <gpxtpx:TrackPointExtension>
            <gpxtpx:hr>113</gpxtpx:hr>
          </gpxtpx:TrackPointExtension>
        </extensions>
      </trkpt>
      <trkpt lat="30.251432599999735" lon="120.01370974509717">
        <ele>123.19999694824219</ele>
        <time>1970-01-01T00:24:19Z</time>
        <extensions>
          <gpxtpx:TrackPointExtension>
            <gpxtpx:hr>115</gpxtpx:hr>
          </gpxtpx:TrackPointExtension>
        </extensions>
      </trkpt>
      <trkpt lat="30.251258607992803" lon="120.0137117548795">
        <ele>122.80000305175781</ele>
        <time>1970-01-01T00:24:24Z</time>
        <extensions>
          <gpxtpx:TrackPointExtension>
            <gpxtpx:hr>112</gpxtpx:hr>
          </gpxtpx:TrackPointExtension>
        </extensions>
      </trkpt>
      <trkpt lat="30.251224639646868" lon="120.01370178214708">
        <ele>122.80000305175781</ele>
        <time>1970-01-01T00:24:25Z</time>
        <extensions>
          <gpxtpx:TrackPointExtension>
            <gpxtpx:hr>112</gpxtpx:hr>
          </gpxtpx:TrackPointExtension>
        </extensions>
      </trkpt>
      <trkpt lat="30.250986727981875" lon="120.01367786077557">
        <ele>122.5999984741211</ele>
        <time>1970-01-01T00:24:32Z</time>
        <extensions>
          <gpxtpx:TrackPointExtension>
            <gpxtpx:hr>111</gpxtpx:hr>
          </gpxtpx:TrackPointExtension>
        </extensions>
      </trkpt>
      <trkpt lat="30.250778753087943" lon="120.01367488562519">
        <ele>122.4000015258789</ele>
        <time>1970-01-01T00:24:40Z</time>
        <extensions>
          <gpxtpx:TrackPointExtension>
            <gpxtpx:hr>112</gpxtpx:hr>
          </gpxtpx:TrackPointExtension>
        </extensions>
      </trkpt>
      <trkpt lat="30.250693733718045" lon="120.01368387082137">
        <ele>121.80000305175781</ele>
        <time>1970-01-01T00:24:45Z</time>
        <extensions>
          <gpxtpx:TrackPointExtension>
            <gpxtpx:hr>109</gpxtpx:hr>
          </gpxtpx:TrackPointExtension>
        </extensions>
      </trkpt>
      <trkpt lat="30.250679737717782" lon="120.01368287444173">
        <ele>121.5999984741211</ele>
        <time>1970-01-01T00:24:46Z</time>
        <extensions>
          <gpxtpx:TrackPointExtension>
            <gpxtpx:hr>107</gpxtpx:hr>
          </gpxtpx:TrackPointExtension>
        </extensions>
      </trkpt>
      <trkpt lat="30.25066673294876" lon="120.01368487065592">
        <ele>121.0</ele>
        <time>1970-01-01T00:24:48Z</time>
        <extensions>
          <gpxtpx:TrackPointExtension>
            <gpxtpx:hr>104</gpxtpx:hr>
          </gpxtpx:TrackPointExtension>
        </extensions>
      </trkpt>
      <trkpt lat="30.250672735372667" lon="120.01368387259095">
        <ele>120.80000305175781</ele>
        <time>1970-01-01T00:24:49Z</time>
        <extensions>
          <gpxtpx:TrackPointExtension>
            <gpxtpx:hr>103</gpxtpx:hr>
          </gpxtpx:TrackPointExtension>
        </extensions>
      </trkpt>
      <trkpt lat="30.250672735372667" lon="120.01368387259095">
        <ele>120.4000015258789</ele>
        <time>1970-01-01T00:24:50Z</time>
        <extensions>
          <gpxtpx:TrackPointExtension>
            <gpxtpx:hr>103</gpxtpx:hr>
          </gpxtpx:TrackPointExtension>
        </extensions>
      </trkpt>
      <trkpt lat="30.25065373397285" lon="120.01368487175137">
        <ele>119.19999694824219</ele>
        <time>1970-01-01T00:24:54Z</time>
        <extensions>
          <gpxtpx:TrackPointExtension>
            <gpxtpx:hr>103</gpxtpx:hr>
          </gpxtpx:TrackPointExtension>
        </extensions>
      </trkpt>
      <trkpt lat="30.25063270955814" lon="120.01369385155614">
        <ele>119.0</ele>
        <time>1970-01-01T00:24:55Z</time>
        <extensions>
          <gpxtpx:TrackPointExtension>
            <gpxtpx:hr>100</gpxtpx:hr>
          </gpxtpx:TrackPointExtension>
        </extensions>
      </trkpt>
      <trkpt lat="30.250612676376708" lon="120.01370582395721">
        <ele>118.80000305175781</ele>
        <time>1970-01-01T00:24:56Z</time>
        <extensions>
          <gpxtpx:TrackPointExtension>
            <gpxtpx:hr>103</gpxtpx:hr>
          </gpxtpx:TrackPointExtension>
        </extensions>
      </trkpt>
      <trkpt lat="30.250589657914073" lon="120.013712808814">
        <ele>118.5999984741211</ele>
        <time>1970-01-01T00:24:57Z</time>
        <extensions>
          <gpxtpx:TrackPointExtension>
            <gpxtpx:hr>103</gpxtpx:hr>
          </gpxtpx:TrackPointExtension>
        </extensions>
      </trkpt>
      <trkpt lat="30.250480617258955" lon="120.01372977651936">
        <ele>118.19999694824219</ele>
        <time>1970-01-01T00:25:01Z</time>
        <extensions>
          <gpxtpx:TrackPointExtension>
            <gpxtpx:hr>104</gpxtpx:hr>
          </gpxtpx:TrackPointExtension>
        </extensions>
      </trkpt>
      <trkpt lat="30.250419630743743" lon="120.01372678897916">
        <ele>118.19999694824219</ele>
        <time>1970-01-01T00:25:03Z</time>
        <extensions>
          <gpxtpx:TrackPointExtension>
            <gpxtpx:hr>105</gpxtpx:hr>
          </gpxtpx:TrackPointExtension>
        </extensions>
      </trkpt>
      <trkpt lat="30.250228645747963" lon="120.01372680507387">
        <ele>118.4000015258789</ele>
        <time>1970-01-01T00:25:09Z</time>
        <extensions>
          <gpxtpx:TrackPointExtension>
            <gpxtpx:hr>105</gpxtpx:hr>
          </gpxtpx:TrackPointExtension>
        </extensions>
      </trkpt>
      <trkpt lat="30.24999058912092" lon="120.01375276169811">
        <ele>119.0</ele>
        <time>1970-01-01T00:25:15Z</time>
        <extensions>
          <gpxtpx:TrackPointExtension>
            <gpxtpx:hr>106</gpxtpx:hr>
          </gpxtpx:TrackPointExtension>
        </extensions>
      </trkpt>
      <trkpt lat="30.24968355233612" lon="120.01377373634352">
        <ele>119.19999694824219</ele>
        <time>1970-01-01T00:25:22Z</time>
        <extensions>
          <gpxtpx:TrackPointExtension>
            <gpxtpx:hr>108</gpxtpx:hr>
          </gpxtpx:TrackPointExtension>
        </extensions>
      </trkpt>
      <trkpt lat="30.24964256712032" lon="120.0137697495547">
        <ele>119.4000015258789</ele>
        <time>1970-01-01T00:25:23Z</time>
        <extensions>
          <gpxtpx:TrackPointExtension>
            <gpxtpx:hr>108</gpxtpx:hr>
          </gpxtpx:TrackPointExtension>
        </extensions>
      </trkpt>
      <trkpt lat="30.249445498537618" lon="120.01379869542781">
        <ele>119.80000305175781</ele>
        <time>1970-01-01T00:25:28Z</time>
        <extensions>
          <gpxtpx:TrackPointExtension>
            <gpxtpx:hr>107</gpxtpx:hr>
          </gpxtpx:TrackPointExtension>
        </extensions>
      </trkpt>
      <trkpt lat="30.24919045471811" lon="120.01382066327014">
        <ele>120.4000015258789</ele>
        <time>1970-01-01T00:25:35Z</time>
        <extensions>
          <gpxtpx:TrackPointExtension>
            <gpxtpx:hr>104</gpxtpx:hr>
          </gpxtpx:TrackPointExtension>
        </extensions>
      </trkpt>
      <trkpt lat="30.24915145196335" lon="120.01382266168005">
        <ele>120.4000015258789</ele>
        <time>1970-01-01T00:25:36Z</time>
        <extensions>
          <gpxtpx:TrackPointExtension>
            <gpxtpx:hr>104</gpxtpx:hr>
          </gpxtpx:TrackPointExtension>
        </extensions>
      </trkpt>
      <trkpt lat="30.248939375823568" lon="120.01385460153121">
        <ele>121.19999694824219</ele>
        <time>1970-01-01T00:25:42Z</time>
        <extensions>
          <gpxtpx:TrackPointExtension>
            <gpxtpx:hr>101</gpxtpx:hr>
          </gpxtpx:TrackPointExtension>
        </extensions>
      </trkpt>
      <trkpt lat="30.248794378394162" lon="120.01385760643673">
        <ele>121.5999984741211</ele>
        <time>1970-01-01T00:25:46Z</time>
        <extensions>
          <gpxtpx:TrackPointExtension>
            <gpxtpx:hr>102</gpxtpx:hr>
          </gpxtpx:TrackPointExtension>
        </extensions>
      </trkpt>
      <trkpt lat="30.24861931382482" lon="120.0138845553751">
        <ele>121.80000305175781</ele>
        <time>1970-01-01T00:25:51Z</time>
        <extensions>
          <gpxtpx:TrackPointExtension>
            <gpxtpx:hr>104</gpxtpx:hr>
          </gpxtpx:TrackPointExtension>
        </extensions>
      </trkpt>
      <trkpt lat="30.24836912776053" lon="120.01395540345206">
        <ele>122.0</ele>
        <time>1970-01-01T00:25:58Z</time>
        <extensions>
          <gpxtpx:TrackPointExtension>
            <gpxtpx:hr>105</gpxtpx:hr>
          </gpxtpx:TrackPointExtension>
        </extensions>
      </trkpt>
      <trkpt lat="30.24817690256319" lon="120.01403821751666">
        <ele>122.0</ele>
        <time>1970-01-01T00:26:03Z</time>
        <extensions>
          <gpxtpx:TrackPointExtension>
            <gpxtpx:hr>104</gpxtpx:hr>
          </gpxtpx:TrackPointExtension>
        </extensions>
      </trkpt>
      <trkpt lat="30.247964690548077" lon="120.01411704312024">
        <ele>122.19999694824219</ele>
        <time>1970-01-01T00:26:09Z</time>
        <extensions>
          <gpxtpx:TrackPointExtension>
            <gpxtpx:hr>104</gpxtpx:hr>
          </gpxtpx:TrackPointExtension>
        </extensions>
      </trkpt>
      <trkpt lat="30.24775130826641" lon="120.01425472548638">
        <ele>122.19999694824219</ele>
        <time>1970-01-01T00:26:16Z</time>
        <extensions>
          <gpxtpx:TrackPointExtension>
            <gpxtpx:hr>104</gpxtpx:hr>
          </gpxtpx:TrackPointExtension>
        </extensions>
      </trkpt>
      <trkpt lat="30.24765510198508" lon="120.01432855376557">
        <ele>122.5999984741211</ele>
        <time>1970-01-01T00:26:19Z</time>
        <extensions>
          <gpxtpx:TrackPointExtension>
            <gpxtpx:hr>104</gpxtpx:hr>
          </gpxtpx:TrackPointExtension>
        </extensions>
      </trkpt>
      <trkpt lat="30.247485725395226" lon="120.01446324022687">
        <ele>122.80000305175781</ele>
        <time>1970-01-01T00:26:25Z</time>
        <extensions>
          <gpxtpx:TrackPointExtension>
            <gpxtpx:hr>104</gpxtpx:hr>
          </gpxtpx:TrackPointExtension>
        </extensions>
      </trkpt>
      <trkpt lat="30.24728164007904" lon="120.01449817249235">
        <ele>122.4000015258789</ele>
        <time>1970-01-01T00:26:31Z</time>
        <extensions>
          <gpxtpx:TrackPointExtension>
            <gpxtpx:hr>101</gpxtpx:hr>
          </gpxtpx:TrackPointExtension>
        </extensions>
      </trkpt>
      <trkpt lat="30.247010522391406" lon="120.01454607889632">
        <ele>122.4000015258789</ele>
        <time>1970-01-01T00:26:38Z</time>
        <extensions>
          <gpxtpx:TrackPointExtension>
            <gpxtpx:hr>101</gpxtpx:hr>
          </gpxtpx:TrackPointExtension>
        </extensions>
      </trkpt>
      <trkpt lat="30.246781464910026" lon="120.0145720351442">
        <ele>122.5999984741211</ele>
        <time>1970-01-01T00:26:43Z</time>
        <extensions>
          <gpxtpx:TrackPointExtension>
            <gpxtpx:hr>104</gpxtpx:hr>
          </gpxtpx:TrackPointExtension>
        </extensions>
      </trkpt>
      <trkpt lat="30.246736485638277" lon="120.01456605348582">
        <ele>122.5999984741211</ele>
        <time>1970-01-01T00:26:44Z</time>
        <extensions>
          <gpxtpx:TrackPointExtension>
            <gpxtpx:hr>104</gpxtpx:hr>
          </gpxtpx:TrackPointExtension>
        </extensions>
      </trkpt>
      <trkpt lat="30.24669453496865" lon="120.01455009582645">
        <ele>122.5999984741211</ele>
        <time>1970-01-01T00:26:45Z</time>
        <extensions>
          <gpxtpx:TrackPointExtension>
            <gpxtpx:hr>105</gpxtpx:hr>
          </gpxtpx:TrackPointExtension>
        </extensions>
      </trkpt>
      <trkpt lat="30.246657601222207" lon="120.01452815230358">
        <ele>122.80000305175781</ele>
        <time>1970-01-01T00:26:46Z</time>
        <extensions>
          <gpxtpx:TrackPointExtension>
            <gpxtpx:hr>106</gpxtpx:hr>
          </gpxtpx:TrackPointExtension>
        </extensions>
      </trkpt>
      <trkpt lat="30.246525905477288" lon="120.01442641093277">
        <ele>122.80000305175781</ele>
        <time>1970-01-01T00:26:50Z</time>
        <extensions>
          <gpxtpx:TrackPointExtension>
            <gpxtpx:hr>107</gpxtpx:hr>
          </gpxtpx:TrackPointExtension>
        </extensions>
      </trkpt>
      <trkpt lat="30.24633813331586" lon="120.01435260645464">
        <ele>122.80000305175781</ele>
        <time>1970-01-01T00:26:56Z</time>
        <extensions>
          <gpxtpx:TrackPointExtension>
            <gpxtpx:hr>107</gpxtpx:hr>
          </gpxtpx:TrackPointExtension>
        </extensions>
      </trkpt>
      <trkpt lat="30.246024021497057" lon="120.01439951878365">
        <ele>123.4000015258789</ele>
        <time>1970-01-01T00:27:04Z</time>
        <extensions>
          <gpxtpx:TrackPointExtension>
            <gpxtpx:hr>105</gpxtpx:hr>
          </gpxtpx:TrackPointExtension>
        </extensions>
      </trkpt>
      <trkpt lat="30.245902990262902" lon="120.01441349499133">
        <ele>123.5999984741211</ele>
        <time>1970-01-01T00:27:07Z</time>
        <extensions>
          <gpxtpx:TrackPointExtension>
            <gpxtpx:hr>104</gpxtpx:hr>
          </gpxtpx:TrackPointExtension>
        </extensions>
      </trkpt>
      <trkpt lat="30.245761940338703" lon="120.0144344558966">
        <ele>124.19999694824219</ele>
        <time>1970-01-01T00:27:11Z</time>
        <extensions>
          <gpxtpx:TrackPointExtension>
            <gpxtpx:hr>104</gpxtpx:hr>
          </gpxtpx:TrackPointExtension>
        </extensions>
      </trkpt>
      <trkpt lat="30.245624869913964" lon="120.014462399485">
        <ele>124.4000015258789</ele>
        <time>1970-01-01T00:27:16Z</time>
        <extensions>
          <gpxtpx:TrackPointExtension>
            <gpxtpx:hr>103</gpxtpx:hr>
          </gpxtpx:TrackPointExtension>
        </extensions>
      </trkpt>
      <trkpt lat="30.245553832005953" lon="120.01447736906869">
        <ele>124.19999694824219</ele>
        <time>1970-01-01T00:27:20Z</time>
        <extensions>
          <gpxtpx:TrackPointExtension>
            <gpxtpx:hr>100</gpxtpx:hr>
          </gpxtpx:TrackPointExtension>
        </extensions>
      </trkpt>
      <trkpt lat="30.245526822505802" lon="120.01448136163813">
        <ele>124.0</ele>
        <time>1970-01-01T00:27:22Z</time>
        <extensions>
          <gpxtpx:TrackPointExtension>
            <gpxtpx:hr>99</gpxtpx:hr>
          </gpxtpx:TrackPointExtension>
        </extensions>
      </trkpt>
      <trkpt lat="30.245456873936227" lon="120.01446540636204">
        <ele>123.80000305175781</ele>
        <time>1970-01-01T00:27:26Z</time>
        <extensions>
          <gpxtpx:TrackPointExtension>
            <gpxtpx:hr>96</gpxtpx:hr>
          </gpxtpx:TrackPointExtension>
        </extensions>
      </trkpt>
      <trkpt lat="30.245409952483122" lon="120.01443947342314">
        <ele>123.5999984741211</ele>
        <time>1970-01-01T00:27:28Z</time>
        <extensions>
          <gpxtpx:TrackPointExtension>
            <gpxtpx:hr>97</gpxtpx:hr>
          </gpxtpx:TrackPointExtension>
        </extensions>
      </trkpt>
      <trkpt lat="30.245342367429867" lon="120.01429782399218">
        <ele>123.80000305175781</ele>
        <time>1970-01-01T00:27:33Z</time>
        <extensions>
          <gpxtpx:TrackPointExtension>
            <gpxtpx:hr>98</gpxtpx:hr>
          </gpxtpx:TrackPointExtension>
        </extensions>
      </trkpt>
      <trkpt lat="30.245323215546815" lon="120.01400553834308">
        <ele>124.0</ele>
        <time>1970-01-01T00:27:40Z</time>
        <extensions>
          <gpxtpx:TrackPointExtension>
            <gpxtpx:hr>101</gpxtpx:hr>
          </gpxtpx:TrackPointExtension>
        </extensions>
      </trkpt>
      <trkpt lat="30.245311881948787" lon="120.013776099841">
        <ele>124.5999984741211</ele>
        <time>1970-01-01T00:27:45Z</time>
        <extensions>
          <gpxtpx:TrackPointExtension>
            <gpxtpx:hr>104</gpxtpx:hr>
          </gpxtpx:TrackPointExtension>
        </extensions>
      </trkpt>
      <trkpt lat="30.245314017890273" lon="120.01372921432001">
        <ele>124.5999984741211</ele>
        <time>1970-01-01T00:27:46Z</time>
        <extensions>
          <gpxtpx:TrackPointExtension>
            <gpxtpx:hr>104</gpxtpx:hr>
          </gpxtpx:TrackPointExtension>
        </extensions>
      </trkpt>
      <trkpt lat="30.245314154015766" lon="120.01368232900572">
        <ele>124.80000305175781</ele>
        <time>1970-01-01T00:27:47Z</time>
        <extensions>
          <gpxtpx:TrackPointExtension>
            <gpxtpx:hr>104</gpxtpx:hr>
          </gpxtpx:TrackPointExtension>
        </extensions>
      </trkpt>
      <trkpt lat="30.24530087099859" lon="120.0134359335195">
        <ele>125.0</ele>
        <time>1970-01-01T00:27:52Z</time>
        <extensions>
          <gpxtpx:TrackPointExtension>
            <gpxtpx:hr>104</gpxtpx:hr>
          </gpxtpx:TrackPointExtension>
        </extensions>
      </trkpt>
      <trkpt lat="30.245294004957167" lon="120.01339004658625">
        <ele>125.19999694824219</ele>
        <time>1970-01-01T00:27:53Z</time>
        <extensions>
          <gpxtpx:TrackPointExtension>
            <gpxtpx:hr>104</gpxtpx:hr>
          </gpxtpx:TrackPointExtension>
        </extensions>
      </trkpt>
      <trkpt lat="30.245287295661015" lon="120.01329029181514">
        <ele>125.4000015258789</ele>
        <time>1970-01-01T00:27:55Z</time>
        <extensions>
          <gpxtpx:TrackPointExtension>
            <gpxtpx:hr>104</gpxtpx:hr>
          </gpxtpx:TrackPointExtension>
        </extensions>
      </trkpt>
      <trkpt lat="30.245279894492256" lon="120.01308479697742">
        <ele>125.80000305175781</ele>
        <time>1970-01-01T00:27:59Z</time>
        <extensions>
          <gpxtpx:TrackPointExtension>
            <gpxtpx:hr>105</gpxtpx:hr>
          </gpxtpx:TrackPointExtension>
        </extensions>
      </trkpt>
      <trkpt lat="30.245251065947194" lon="120.01268378602657">
        <ele>126.19999694824219</ele>
        <time>1970-01-01T00:28:07Z</time>
        <extensions>
          <gpxtpx:TrackPointExtension>
            <gpxtpx:hr>105</gpxtpx:hr>
          </gpxtpx:TrackPointExtension>
        </extensions>
      </trkpt>
      <trkpt lat="30.245216103077816" lon="120.01232966243957">
        <ele>126.80000305175781</ele>
        <time>1970-01-01T00:28:15Z</time>
        <extensions>
          <gpxtpx:TrackPointExtension>
            <gpxtpx:hr>105</gpxtpx:hr>
          </gpxtpx:TrackPointExtension>
        </extensions>
      </trkpt>
      <trkpt lat="30.24521223171247" lon="120.01228577116797">
        <ele>127.0</ele>
        <time>1970-01-01T00:28:16Z</time>
        <extensions>
          <gpxtpx:TrackPointExtension>
            <gpxtpx:hr>105</gpxtpx:hr>
          </gpxtpx:TrackPointExtension>
        </extensions>
      </trkpt>
      <trkpt lat="30.24519673192388" lon="120.01211519405744">
        <ele>127.4000015258789</ele>
        <time>1970-01-01T00:28:20Z</time>
        <extensions>
          <gpxtpx:TrackPointExtension>
            <gpxtpx:hr>108</gpxtpx:hr>
          </gpxtpx:TrackPointExtension>
        </extensions>
      </trkpt>
      <trkpt lat="30.245193003785076" lon="120.01202242384863">
        <ele>127.5999984741211</ele>
        <time>1970-01-01T00:28:22Z</time>
        <extensions>
          <gpxtpx:TrackPointExtension>
            <gpxtpx:hr>111</gpxtpx:hr>
          </gpxtpx:TrackPointExtension>
        </extensions>
      </trkpt>
      <trkpt lat="30.2451653973807" lon="120.01188875705724">
        <ele>127.80000305175781</ele>
        <time>1970-01-01T00:28:25Z</time>
        <extensions>
          <gpxtpx:TrackPointExtension>
            <gpxtpx:hr>115</gpxtpx:hr>
          </gpxtpx:TrackPointExtension>
        </extensions>
      </trkpt>
      <trkpt lat="30.245155517965944" lon="120.01184785918589">
        <ele>128.0</ele>
        <time>1970-01-01T00:28:26Z</time>
        <extensions>
          <gpxtpx:TrackPointExtension>
            <gpxtpx:hr>117</gpxtpx:hr>
          </gpxtpx:TrackPointExtension>
        </extensions>
      </trkpt>
      <trkpt lat="30.24516084505583" lon="120.01173613558372">
        <ele>128.0</ele>
        <time>1970-01-01T00:28:28Z</time>
        <extensions>
          <gpxtpx:TrackPointExtension>
            <gpxtpx:hr>120</gpxtpx:hr>
          </gpxtpx:TrackPointExtension>
        </extensions>
      </trkpt>
      <trkpt lat="30.24512327383993" lon="120.01125034477643">
        <ele>128.60000610351562</ele>
        <time>1970-01-01T00:28:37Z</time>
        <extensions>
          <gpxtpx:TrackPointExtension>
            <gpxtpx:hr>121</gpxtpx:hr>
          </gpxtpx:TrackPointExtension>
        </extensions>
      </trkpt>
      <trkpt lat="30.245073750705075" lon="120.01074959585345">
        <ele>128.60000610351562</ele>
        <time>1970-01-01T00:28:46Z</time>
        <extensions>
          <gpxtpx:TrackPointExtension>
            <gpxtpx:hr>121</gpxtpx:hr>
          </gpxtpx:TrackPointExtension>
        </extensions>
      </trkpt>
      <trkpt lat="30.2450545458109" lon="120.01048026964445">
        <ele>128.39999389648438</ele>
        <time>1970-01-01T00:28:51Z</time>
        <extensions>
          <gpxtpx:TrackPointExtension>
            <gpxtpx:hr>117</gpxtpx:hr>
          </gpxtpx:TrackPointExtension>
        </extensions>
      </trkpt>
      <trkpt lat="30.245049863884425" lon="120.01037253920184">
        <ele>128.1999969482422</ele>
        <time>1970-01-01T00:28:53Z</time>
        <extensions>
          <gpxtpx:TrackPointExtension>
            <gpxtpx:hr>114</gpxtpx:hr>
          </gpxtpx:TrackPointExtension>
        </extensions>
      </trkpt>
      <trkpt lat="30.245051493749497" lon="120.01015907289602">
        <ele>128.0</ele>
        <time>1970-01-01T00:28:57Z</time>
        <extensions>
          <gpxtpx:TrackPointExtension>
            <gpxtpx:hr>113</gpxtpx:hr>
          </gpxtpx:TrackPointExtension>
        </extensions>
      </trkpt>
      <trkpt lat="30.24501991711195" lon="120.00967828026155">
        <ele>127.80000305175781</ele>
        <time>1970-01-01T00:29:06Z</time>
        <extensions>
          <gpxtpx:TrackPointExtension>
            <gpxtpx:hr>111</gpxtpx:hr>
          </gpxtpx:TrackPointExtension>
        </extensions>
      </trkpt>
      <trkpt lat="30.24499079036046" lon="120.00938402159785">
        <ele>127.5999984741211</ele>
        <time>1970-01-01T00:29:13Z</time>
        <extensions>
          <gpxtpx:TrackPointExtension>
            <gpxtpx:hr>111</gpxtpx:hr>
          </gpxtpx:TrackPointExtension>
        </extensions>
      </trkpt>
      <trkpt lat="30.24497908378983" lon="120.00928527080868">
        <ele>127.4000015258789</ele>
        <time>1970-01-01T00:29:18Z</time>
        <extensions>
          <gpxtpx:TrackPointExtension>
            <gpxtpx:hr>111</gpxtpx:hr>
          </gpxtpx:TrackPointExtension>
        </extensions>
      </trkpt>
      <trkpt lat="30.244978181399592" lon="120.00925235365538">
        <ele>126.80000305175781</ele>
        <time>1970-01-01T00:29:23Z</time>
        <extensions>
          <gpxtpx:TrackPointExtension>
            <gpxtpx:hr>109</gpxtpx:hr>
          </gpxtpx:TrackPointExtension>
        </extensions>
      </trkpt>
      <trkpt lat="30.24497419352315" lon="120.00924836402471">
        <ele>125.80000305175781</ele>
        <time>1970-01-01T00:29:29Z</time>
        <extensions>
          <gpxtpx:TrackPointExtension>
            <gpxtpx:hr>109</gpxtpx:hr>
          </gpxtpx:TrackPointExtension>
        </extensions>
      </trkpt>
      <trkpt lat="30.24497319655406" lon="120.00924736661709">
        <ele>125.4000015258789</ele>
        <time>1970-01-01T00:29:30Z</time>
        <extensions>
          <gpxtpx:TrackPointExtension>
            <gpxtpx:hr>109</gpxtpx:hr>
          </gpxtpx:TrackPointExtension>
        </extensions>
      </trkpt>
      <trkpt lat="30.24497419352315" lon="120.00924836402471">
        <ele>124.80000305175781</ele>
        <time>1970-01-01T00:29:33Z</time>
        <extensions>
          <gpxtpx:TrackPointExtension>
            <gpxtpx:hr>105</gpxtpx:hr>
          </gpxtpx:TrackPointExtension>
        </extensions>
      </trkpt>
      <trkpt lat="30.24497419352315" lon="120.00924836402471">
        <ele>124.4000015258789</ele>
        <time>1970-01-01T00:29:35Z</time>
        <extensions>
          <gpxtpx:TrackPointExtension>
            <gpxtpx:hr>101</gpxtpx:hr>
          </gpxtpx:TrackPointExtension>
        </extensions>
      </trkpt>
      <trkpt lat="30.244974196478985" lon="120.00924736653295">
        <ele>124.0</ele>
        <time>1970-01-01T00:29:37Z</time>
        <extensions>
          <gpxtpx:TrackPointExtension>
            <gpxtpx:hr>97</gpxtpx:hr>
          </gpxtpx:TrackPointExtension>
        </extensions>
      </trkpt>
      <trkpt lat="30.24497419352315" lon="120.00924836402471">
        <ele>123.19999694824219</ele>
        <time>1970-01-01T00:29:41Z</time>
        <extensions>
          <gpxtpx:TrackPointExtension>
            <gpxtpx:hr>96</gpxtpx:hr>
          </gpxtpx:TrackPointExtension>
        </extensions>
      </trkpt>
      <trkpt lat="30.244971205571797" lon="120.00924437431011">
        <ele>123.19999694824219</ele>
        <time>1970-01-01T00:29:42Z</time>
        <extensions>
          <gpxtpx:TrackPointExtension>
            <gpxtpx:hr>97</gpxtpx:hr>
          </gpxtpx:TrackPointExtension>
        </extensions>
      </trkpt>
      <trkpt lat="30.244968217620627" lon="120.00924038459576">
        <ele>122.19999694824219</ele>
        <time>1970-01-01T00:29:48Z</time>
        <extensions>
          <gpxtpx:TrackPointExtension>
            <gpxtpx:hr>96</gpxtpx:hr>
          </gpxtpx:TrackPointExtension>
        </extensions>
      </trkpt>
      <trkpt lat="30.24496722065163" lon="120.00923938718822">
        <ele>121.80000305175781</ele>
        <time>1970-01-01T00:29:50Z</time>
        <extensions>
          <gpxtpx:TrackPointExtension>
            <gpxtpx:hr>95</gpxtpx:hr>
          </gpxtpx:TrackPointExtension>
        </extensions>
      </trkpt>
      <trkpt lat="30.244924327343977" lon="120.009204478606">
        <ele>121.0</ele>
        <time>1970-01-01T00:29:55Z</time>
        <extensions>
          <gpxtpx:TrackPointExtension>
            <gpxtpx:hr>94</gpxtpx:hr>
          </gpxtpx:TrackPointExtension>
        </extensions>
      </trkpt>
      <trkpt lat="30.244888421697212" lon="120.00917355941395">
        <ele>120.5999984741211</ele>
        <time>1970-01-01T00:29:57Z</time>
        <extensions>
          <gpxtpx:TrackPointExtension>
            <gpxtpx:hr>96</gpxtpx:hr>
          </gpxtpx:TrackPointExtension>
        </extensions>
      </trkpt>
      <trkpt lat="30.24474365435296" lon="120.0090987598401">
        <ele>120.4000015258789</ele>
        <time>1970-01-01T00:30:03Z</time>
        <extensions>
          <gpxtpx:TrackPointExtension>
            <gpxtpx:hr>98</gpxtpx:hr>
          </gpxtpx:TrackPointExtension>
        </extensions>
      </trkpt>
      <trkpt lat="30.244509846384155" lon="120.00903992764921">
        <ele>121.0</ele>
        <time>1970-01-01T00:30:10Z</time>
        <extensions>
          <gpxtpx:TrackPointExtension>
            <gpxtpx:hr>95</gpxtpx:hr>
          </gpxtpx:TrackPointExtension>
        </extensions>
      </trkpt>
      <trkpt lat="30.24447582821894" lon="120.0090469129331">
        <ele>121.0</ele>
        <time>1970-01-01T00:30:11Z</time>
        <extensions>
          <gpxtpx:TrackPointExtension>
            <gpxtpx:hr>94</gpxtpx:hr>
          </gpxtpx:TrackPointExtension>
        </extensions>
      </trkpt>
      <trkpt lat="30.2443067905568" lon="120.00906388446742">
        <ele>121.80000305175781</ele>
        <time>1970-01-01T00:30:17Z</time>
        <extensions>
          <gpxtpx:TrackPointExtension>
            <gpxtpx:hr>91</gpxtpx:hr>
          </gpxtpx:TrackPointExtension>
        </extensions>
      </trkpt>
      <trkpt lat="30.2442497770632" lon="120.00906987419896">
        <ele>122.0</ele>
        <time>1970-01-01T00:30:19Z</time>
        <extensions>
          <gpxtpx:TrackPointExtension>
            <gpxtpx:hr>92</gpxtpx:hr>
          </gpxtpx:TrackPointExtension>
        </extensions>
      </trkpt>
      <trkpt lat="30.24422674624306" lon="120.00908084851851">
        <ele>122.0</ele>
        <time>1970-01-01T00:30:20Z</time>
        <extensions>
          <gpxtpx:TrackPointExtension>
            <gpxtpx:hr>93</gpxtpx:hr>
          </gpxtpx:TrackPointExtension>
        </extensions>
      </trkpt>
      <trkpt lat="30.24412570940901" lon="120.00909581936043">
        <ele>122.5999984741211</ele>
        <time>1970-01-01T00:30:25Z</time>
        <extensions>
          <gpxtpx:TrackPointExtension>
            <gpxtpx:hr>94</gpxtpx:hr>
          </gpxtpx:TrackPointExtension>
        </extensions>
      </trkpt>
      <trkpt lat="30.244065728667902" lon="120.00909083695913">
        <ele>122.80000305175781</ele>
        <time>1970-01-01T00:30:31Z</time>
        <extensions>
          <gpxtpx:TrackPointExtension>
            <gpxtpx:hr>94</gpxtpx:hr>
          </gpxtpx:TrackPointExtension>
        </extensions>
      </trkpt>
      <trkpt lat="30.244022900474857" lon="120.00903398368332">
        <ele>123.0</ele>
        <time>1970-01-01T00:30:35Z</time>
        <extensions>
          <gpxtpx:TrackPointExtension>
            <gpxtpx:hr>95</gpxtpx:hr>
          </gpxtpx:TrackPointExtension>
        </extensions>
      </trkpt>
      <trkpt lat="30.243997979255816" lon="120.0090080510772">
        <ele>123.19999694824219</ele>
        <time>1970-01-01T00:30:37Z</time>
        <extensions>
          <gpxtpx:TrackPointExtension>
            <gpxtpx:hr>95</gpxtpx:hr>
          </gpxtpx:TrackPointExtension>
        </extensions>
      </trkpt>
      <trkpt lat="30.24399503273561" lon="120.00899009653605">
        <ele>123.19999694824219</ele>
        <time>1970-01-01T00:30:38Z</time>
        <extensions>
          <gpxtpx:TrackPointExtension>
            <gpxtpx:hr>96</gpxtpx:hr>
          </gpxtpx:TrackPointExtension>
        </extensions>
      </trkpt>
      <trkpt lat="30.243973303670337" lon="120.00889932699464">
        <ele>123.5999984741211</ele>
        <time>1970-01-01T00:30:42Z</time>
        <extensions>
          <gpxtpx:TrackPointExtension>
            <gpxtpx:hr>98</gpxtpx:hr>
          </gpxtpx:TrackPointExtension>
        </extensions>
      </trkpt>
      <trkpt lat="30.243954568553004" lon="120.00881055227948">
        <ele>123.80000305175781</ele>
        <time>1970-01-01T00:30:46Z</time>
        <extensions>
          <gpxtpx:TrackPointExtension>
            <gpxtpx:hr>101</gpxtpx:hr>
          </gpxtpx:TrackPointExtension>
        </extensions>
      </trkpt>
      <trkpt lat="30.24393289594771" lon="120.00870083073642">
        <ele>124.0</ele>
        <time>1970-01-01T00:30:50Z</time>
        <extensions>
          <gpxtpx:TrackPointExtension>
            <gpxtpx:hr>101</gpxtpx:hr>
          </gpxtpx:TrackPointExtension>
        </extensions>
      </trkpt>
      <trkpt lat="30.24392797926133" lon="120.00867290159043">
        <ele>124.0</ele>
        <time>1970-01-01T00:30:51Z</time>
        <extensions>
          <gpxtpx:TrackPointExtension>
            <gpxtpx:hr>101</gpxtpx:hr>
          </gpxtpx:TrackPointExtension>
        </extensions>
      </trkpt>
      <trkpt lat="30.24387959931436" lon="120.00846542924086">
        <ele>124.80000305175781</ele>
        <time>1970-01-01T00:30:57Z</time>
        <extensions>
          <gpxtpx:TrackPointExtension>
            <gpxtpx:hr>101</gpxtpx:hr>
          </gpxtpx:TrackPointExtension>
        </extensions>
      </trkpt>
      <trkpt lat="30.243862814060858" lon="120.00839361201824">
        <ele>125.19999694824219</ele>
        <time>1970-01-01T00:30:59Z</time>
        <extensions>
          <gpxtpx:TrackPointExtension>
            <gpxtpx:hr>101</gpxtpx:hr>
          </gpxtpx:TrackPointExtension>
        </extensions>
      </trkpt>
      <trkpt lat="30.24382932976838" lon="120.00822105087764">
        <ele>125.80000305175781</ele>
        <time>1970-01-01T00:31:04Z</time>
        <extensions>
          <gpxtpx:TrackPointExtension>
            <gpxtpx:hr>101</gpxtpx:hr>
          </gpxtpx:TrackPointExtension>
        </extensions>
      </trkpt>
      <trkpt lat="30.24380564020781" lon="120.00811731517649">
        <ele>126.19999694824219</ele>
        <time>1970-01-01T00:31:07Z</time>
        <extensions>
          <gpxtpx:TrackPointExtension>
            <gpxtpx:hr>101</gpxtpx:hr>
          </gpxtpx:TrackPointExtension>
        </extensions>
      </trkpt>
      <trkpt lat="30.243771070367263" lon="120.00797368149384">
        <ele>126.5999984741211</ele>
        <time>1970-01-01T00:31:11Z</time>
        <extensions>
          <gpxtpx:TrackPointExtension>
            <gpxtpx:hr>97</gpxtpx:hr>
          </gpxtpx:TrackPointExtension>
        </extensions>
      </trkpt>
      <trkpt lat="30.243756297225524" lon="120.00789787463646">
        <ele>126.80000305175781</ele>
        <time>1970-01-01T00:31:13Z</time>
        <extensions>
          <gpxtpx:TrackPointExtension>
            <gpxtpx:hr>94</gpxtpx:hr>
          </gpxtpx:TrackPointExtension>
        </extensions>
      </trkpt>
      <trkpt lat="30.24370882379686" lon="120.00772232329307">
        <ele>127.0</ele>
        <time>1970-01-01T00:31:18Z</time>
        <extensions>
          <gpxtpx:TrackPointExtension>
            <gpxtpx:hr>97</gpxtpx:hr>
          </gpxtpx:TrackPointExtension>
        </extensions>
      </trkpt>
      <trkpt lat="30.243686143624767" lon="120.00761559571443">
        <ele>127.19999694824219</ele>
        <time>1970-01-01T00:31:21Z</time>
        <extensions>
          <gpxtpx:TrackPointExtension>
            <gpxtpx:hr>97</gpxtpx:hr>
          </gpxtpx:TrackPointExtension>
        </extensions>
      </trkpt>
      <trkpt lat="30.243676254398583" lon="120.00757869011942">
        <ele>127.19999694824219</ele>
        <time>1970-01-01T00:31:22Z</time>
        <extensions>
          <gpxtpx:TrackPointExtension>
            <gpxtpx:hr>98</gpxtpx:hr>
          </gpxtpx:TrackPointExtension>
        </extensions>
      </trkpt>
      <trkpt lat="30.243648604505637" lon="120.0074619884433">
        <ele>127.4000015258789</ele>
        <time>1970-01-01T00:31:25Z</time>
        <extensions>
          <gpxtpx:TrackPointExtension>
            <gpxtpx:hr>101</gpxtpx:hr>
          </gpxtpx:TrackPointExtension>
        </extensions>
      </trkpt>
      <trkpt lat="30.24361704434259" lon="120.00731536321639">
        <ele>127.4000015258789</ele>
        <time>1970-01-01T00:31:29Z</time>
        <extensions>
          <gpxtpx:TrackPointExtension>
            <gpxtpx:hr>104</gpxtpx:hr>
          </gpxtpx:TrackPointExtension>
        </extensions>
      </trkpt>
      <trkpt lat="30.243606149348267" lon="120.0072804527687">
        <ele>127.5999984741211</ele>
        <time>1970-01-01T00:31:30Z</time>
        <extensions>
          <gpxtpx:TrackPointExtension>
            <gpxtpx:hr>104</gpxtpx:hr>
          </gpxtpx:TrackPointExtension>
        </extensions>
      </trkpt>
      <trkpt lat="30.243570777410152" lon="120.00707098785072">
        <ele>127.80000305175781</ele>
        <time>1970-01-01T00:31:36Z</time>
        <extensions>
          <gpxtpx:TrackPointExtension>
            <gpxtpx:hr>101</gpxtpx:hr>
          </gpxtpx:TrackPointExtension>
        </extensions>
      </trkpt>
      <trkpt lat="30.243552097637117" lon="120.00696426073267">
        <ele>127.80000305175781</ele>
        <time>1970-01-01T00:31:39Z</time>
        <extensions>
          <gpxtpx:TrackPointExtension>
            <gpxtpx:hr>98</gpxtpx:hr>
          </gpxtpx:TrackPointExtension>
        </extensions>
      </trkpt>
      <trkpt lat="30.24353237035153" lon="120.00687349323238">
        <ele>128.0</ele>
        <time>1970-01-01T00:31:43Z</time>
        <extensions>
          <gpxtpx:TrackPointExtension>
            <gpxtpx:hr>97</gpxtpx:hr>
          </gpxtpx:TrackPointExtension>
        </extensions>
      </trkpt>
      <trkpt lat="30.243540402549925" lon="120.00686252046717">
        <ele>128.0</ele>
        <time>1970-01-01T00:31:44Z</time>
        <extensions>
          <gpxtpx:TrackPointExtension>
            <gpxtpx:hr>96</gpxtpx:hr>
          </gpxtpx:TrackPointExtension>
        </extensions>
      </trkpt>
      <trkpt lat="30.243550407770588" lon="120.00686052470073">
        <ele>128.0</ele>
        <time>1970-01-01T00:31:45Z</time>
        <extensions>
          <gpxtpx:TrackPointExtension>
            <gpxtpx:hr>96</gpxtpx:hr>
          </gpxtpx:TrackPointExtension>
        </extensions>
      </trkpt>
      <trkpt lat="30.243554398530605" lon="120.00686351675319">
        <ele>127.80000305175781</ele>
        <time>1970-01-01T00:31:48Z</time>
        <extensions>
          <gpxtpx:TrackPointExtension>
            <gpxtpx:hr>96</gpxtpx:hr>
          </gpxtpx:TrackPointExtension>
        </extensions>
      </trkpt>
      <trkpt lat="30.243525379813605" lon="120.00687050143178">
        <ele>127.4000015258789</ele>
        <time>1970-01-01T00:31:54Z</time>
        <extensions>
          <gpxtpx:TrackPointExtension>
            <gpxtpx:hr>92</gpxtpx:hr>
          </gpxtpx:TrackPointExtension>
        </extensions>
      </trkpt>
      <trkpt lat="30.243520338450825" lon="120.00688446633518">
        <ele>127.4000015258789</ele>
        <time>1970-01-01T00:31:55Z</time>
        <extensions>
          <gpxtpx:TrackPointExtension>
            <gpxtpx:hr>92</gpxtpx:hr>
          </gpxtpx:TrackPointExtension>
        </extensions>
      </trkpt>
      <trkpt lat="30.243524323249897" lon="120.00688945331483">
        <ele>127.4000015258789</ele>
        <time>1970-01-01T00:31:59Z</time>
        <extensions>
          <gpxtpx:TrackPointExtension>
            <gpxtpx:hr>95</gpxtpx:hr>
          </gpxtpx:TrackPointExtension>
        </extensions>
      </trkpt>
      <trkpt lat="30.243524323249897" lon="120.00688945331483">
        <ele>127.4000015258789</ele>
        <time>1970-01-01T00:32:00Z</time>
        <extensions>
          <gpxtpx:TrackPointExtension>
            <gpxtpx:hr>95</gpxtpx:hr>
          </gpxtpx:TrackPointExtension>
        </extensions>
      </trkpt>
      <trkpt lat="30.243523329285754" lon="120.0068874584725">
        <ele>127.4000015258789</ele>
        <time>1970-01-01T00:32:02Z</time>
        <extensions>
          <gpxtpx:TrackPointExtension>
            <gpxtpx:hr>98</gpxtpx:hr>
          </gpxtpx:TrackPointExtension>
        </extensions>
      </trkpt>
      <trkpt lat="30.243523344190212" lon="120.0068824711567">
        <ele>127.4000015258789</ele>
        <time>1970-01-01T00:32:06Z</time>
        <extensions>
          <gpxtpx:TrackPointExtension>
            <gpxtpx:hr>101</gpxtpx:hr>
          </gpxtpx:TrackPointExtension>
        </extensions>
      </trkpt>
      <trkpt lat="30.243521350300348" lon="120.00688047639858">
        <ele>127.4000015258789</ele>
        <time>1970-01-01T00:32:11Z</time>
        <extensions>
          <gpxtpx:TrackPointExtension>
            <gpxtpx:hr>102</gpxtpx:hr>
          </gpxtpx:TrackPointExtension>
        </extensions>
      </trkpt>
      <trkpt lat="30.24351734463506" lon="120.00688247166109">
        <ele>127.4000015258789</ele>
        <time>1970-01-01T00:32:15Z</time>
        <extensions>
          <gpxtpx:TrackPointExtension>
            <gpxtpx:hr>101</gpxtpx:hr>
          </gpxtpx:TrackPointExtension>
        </extensions>
      </trkpt>
      <trkpt lat="30.243543375497882" lon="120.00687149738164">
        <ele>126.80000305175781</ele>
        <time>1970-01-01T01:23:41Z</time>
        <extensions>
          <gpxtpx:TrackPointExtension>
            <gpxtpx:hr>78</gpxtpx:hr>
          </gpxtpx:TrackPointExtension>
        </extensions>
      </trkpt>
      <trkpt lat="30.243548366184072" lon="120.0068744893504">
        <ele>127.19999694824219</ele>
        <time>1970-01-01T01:23:42Z</time>
        <extensions>
          <gpxtpx:TrackPointExtension>
            <gpxtpx:hr>78</gpxtpx:hr>
          </gpxtpx:TrackPointExtension>
        </extensions>
      </trkpt>
      <trkpt lat="30.24354236961001" lon="120.00687349239173">
        <ele>127.5999984741211</ele>
        <time>1970-01-01T01:23:43Z</time>
        <extensions>
          <gpxtpx:TrackPointExtension>
            <gpxtpx:hr>77</gpxtpx:hr>
          </gpxtpx:TrackPointExtension>
        </extensions>
      </trkpt>
      <trkpt lat="30.243520326527317" lon="120.00688845618788">
        <ele>127.4000015258789</ele>
        <time>1970-01-01T01:23:49Z</time>
        <extensions>
          <gpxtpx:TrackPointExtension>
            <gpxtpx:hr>75</gpxtpx:hr>
          </gpxtpx:TrackPointExtension>
        </extensions>
      </trkpt>
      <trkpt lat="30.24351450285947" lon="120.00682960638262">
        <ele>127.80000305175781</ele>
        <time>1970-01-01T01:23:58Z</time>
        <extensions>
          <gpxtpx:TrackPointExtension>
            <gpxtpx:hr>77</gpxtpx:hr>
          </gpxtpx:TrackPointExtension>
        </extensions>
      </trkpt>
      <trkpt lat="30.24351255965652" lon="120.00681065476424">
        <ele>127.80000305175781</ele>
        <time>1970-01-01T01:23:59Z</time>
        <extensions>
          <gpxtpx:TrackPointExtension>
            <gpxtpx:hr>77</gpxtpx:hr>
          </gpxtpx:TrackPointExtension>
        </extensions>
      </trkpt>
      <trkpt lat="30.243494662370953" lon="120.00677674256393">
        <ele>128.39999389648438</ele>
        <time>1970-01-01T01:24:01Z</time>
        <extensions>
          <gpxtpx:TrackPointExtension>
            <gpxtpx:hr>78</gpxtpx:hr>
          </gpxtpx:TrackPointExtension>
        </extensions>
      </trkpt>
      <trkpt lat="30.243477857476474" lon="120.00671190898754">
        <ele>129.1999969482422</ele>
        <time>1970-01-01T01:24:04Z</time>
        <extensions>
          <gpxtpx:TrackPointExtension>
            <gpxtpx:hr>79</gpxtpx:hr>
          </gpxtpx:TrackPointExtension>
        </extensions>
      </trkpt>
      <trkpt lat="30.24347695001408" lon="120.00668098777746">
        <ele>129.39999389648438</ele>
        <time>1970-01-01T01:24:05Z</time>
        <extensions>
          <gpxtpx:TrackPointExtension>
            <gpxtpx:hr>79</gpxtpx:hr>
          </gpxtpx:TrackPointExtension>
        </extensions>
      </trkpt>
      <trkpt lat="30.243488402699114" lon="120.00652937291503">
        <ele>130.39999389648438</ele>
        <time>1970-01-01T01:24:09Z</time>
        <extensions>
          <gpxtpx:TrackPointExtension>
            <gpxtpx:hr>81</gpxtpx:hr>
          </gpxtpx:TrackPointExtension>
        </extensions>
      </trkpt>
      <trkpt lat="30.243494527601776" lon="120.00648747912933">
        <ele>130.60000610351562</ele>
        <time>1970-01-01T01:24:10Z</time>
        <extensions>
          <gpxtpx:TrackPointExtension>
            <gpxtpx:hr>81</gpxtpx:hr>
          </gpxtpx:TrackPointExtension>
        </extensions>
      </trkpt>
      <trkpt lat="30.24352370156282" lon="120.00642862663773">
        <ele>131.0</ele>
        <time>1970-01-01T01:24:12Z</time>
        <extensions>
          <gpxtpx:TrackPointExtension>
            <gpxtpx:hr>83</gpxtpx:hr>
          </gpxtpx:TrackPointExtension>
        </extensions>
      </trkpt>
      <trkpt lat="30.243587759507733" lon="120.0064076746379">
        <ele>131.39999389648438</ele>
        <time>1970-01-01T01:24:14Z</time>
        <extensions>
          <gpxtpx:TrackPointExtension>
            <gpxtpx:hr>84</gpxtpx:hr>
          </gpxtpx:TrackPointExtension>
        </extensions>
      </trkpt>
      <trkpt lat="30.24362076900102" lon="120.00640368203226">
        <ele>131.60000610351562</ele>
        <time>1970-01-01T01:24:15Z</time>
        <extensions>
          <gpxtpx:TrackPointExtension>
            <gpxtpx:hr>85</gpxtpx:hr>
          </gpxtpx:TrackPointExtension>
        </extensions>
      </trkpt>
      <trkpt lat="30.243812853266462" lon="120.00637074978741">
        <ele>132.60000610351562</ele>
        <time>1970-01-01T01:24:20Z</time>
        <extensions>
          <gpxtpx:TrackPointExtension>
            <gpxtpx:hr>88</gpxtpx:hr>
          </gpxtpx:TrackPointExtension>
        </extensions>
      </trkpt>
      <trkpt lat="30.243844871788085" lon="120.00636376489474">
        <ele>132.60000610351562</ele>
        <time>1970-01-01T01:24:21Z</time>
        <extensions>
          <gpxtpx:TrackPointExtension>
            <gpxtpx:hr>88</gpxtpx:hr>
          </gpxtpx:TrackPointExtension>
        </extensions>
      </trkpt>
      <trkpt lat="30.243879887100537" lon="120.00635777720792">
        <ele>132.8000030517578</ele>
        <time>1970-01-01T01:24:22Z</time>
        <extensions>
          <gpxtpx:TrackPointExtension>
            <gpxtpx:hr>88</gpxtpx:hr>
          </gpxtpx:TrackPointExtension>
        </extensions>
      </trkpt>
      <trkpt lat="30.244019963276322" lon="120.00632883917852">
        <ele>133.1999969482422</ele>
        <time>1970-01-01T01:24:26Z</time>
        <extensions>
          <gpxtpx:TrackPointExtension>
            <gpxtpx:hr>91</gpxtpx:hr>
          </gpxtpx:TrackPointExtension>
        </extensions>
      </trkpt>
      <trkpt lat="30.244204069017393" lon="120.00628892543504">
        <ele>133.60000610351562</ele>
        <time>1970-01-01T01:24:31Z</time>
        <extensions>
          <gpxtpx:TrackPointExtension>
            <gpxtpx:hr>94</gpxtpx:hr>
          </gpxtpx:TrackPointExtension>
        </extensions>
      </trkpt>
      <trkpt lat="30.244242105008166" lon="120.00627595530436">
        <ele>133.60000610351562</ele>
        <time>1970-01-01T01:24:32Z</time>
        <extensions>
          <gpxtpx:TrackPointExtension>
            <gpxtpx:hr>95</gpxtpx:hr>
          </gpxtpx:TrackPointExtension>
        </extensions>
      </trkpt>
      <trkpt lat="30.24428313778896" lon="120.00626398237979">
        <ele>133.8000030517578</ele>
        <time>1970-01-01T01:24:33Z</time>
        <extensions>
          <gpxtpx:TrackPointExtension>
            <gpxtpx:hr>96</gpxtpx:hr>
          </gpxtpx:TrackPointExtension>
        </extensions>
      </trkpt>
      <trkpt lat="30.244485203346002" lon="120.00623703408063">
        <ele>134.39999389648438</ele>
        <time>1970-01-01T01:24:38Z</time>
        <extensions>
          <gpxtpx:TrackPointExtension>
            <gpxtpx:hr>96</gpxtpx:hr>
          </gpxtpx:TrackPointExtension>
        </extensions>
      </trkpt>
      <trkpt lat="30.244558191913214" lon="120.0062390228574">
        <ele>134.8000030517578</ele>
        <time>1970-01-01T01:24:40Z</time>
        <extensions>
          <gpxtpx:TrackPointExtension>
            <gpxtpx:hr>96</gpxtpx:hr>
          </gpxtpx:TrackPointExtension>
        </extensions>
      </trkpt>
      <trkpt lat="30.244592198330427" lon="120.00623602763112">
        <ele>135.0</ele>
        <time>1970-01-01T01:24:41Z</time>
        <extensions>
          <gpxtpx:TrackPointExtension>
            <gpxtpx:hr>96</gpxtpx:hr>
          </gpxtpx:TrackPointExtension>
        </extensions>
      </trkpt>
      <trkpt lat="30.244695274258884" lon="120.006208090205">
        <ele>135.39999389648438</ele>
        <time>1970-01-01T01:24:46Z</time>
        <extensions>
          <gpxtpx:TrackPointExtension>
            <gpxtpx:hr>95</gpxtpx:hr>
          </gpxtpx:TrackPointExtension>
        </extensions>
      </trkpt>
      <trkpt lat="30.244704330343765" lon="120.00618913778852">
        <ele>135.39999389648438</ele>
        <time>1970-01-01T01:24:47Z</time>
        <extensions>
          <gpxtpx:TrackPointExtension>
            <gpxtpx:hr>95</gpxtpx:hr>
          </gpxtpx:TrackPointExtension>
        </extensions>
      </trkpt>
      <trkpt lat="30.244704623152018" lon="120.0060913871801">
        <ele>135.1999969482422</ele>
        <time>1970-01-01T01:24:50Z</time>
        <extensions>
          <gpxtpx:TrackPointExtension>
            <gpxtpx:hr>93</gpxtpx:hr>
          </gpxtpx:TrackPointExtension>
        </extensions>
      </trkpt>
      <trkpt lat="30.244695293498914" lon="120.00586795842634">
        <ele>135.1999969482422</ele>
        <time>1970-01-01T01:24:55Z</time>
        <extensions>
          <gpxtpx:TrackPointExtension>
            <gpxtpx:hr>92</gpxtpx:hr>
          </gpxtpx:TrackPointExtension>
        </extensions>
      </trkpt>
      <trkpt lat="30.244690883125177" lon="120.00567146091437">
        <ele>135.1999969482422</ele>
        <time>1970-01-01T01:24:59Z</time>
        <extensions>
          <gpxtpx:TrackPointExtension>
            <gpxtpx:hr>96</gpxtpx:hr>
          </gpxtpx:TrackPointExtension>
        </extensions>
      </trkpt>
      <trkpt lat="30.244689194487318" lon="120.00556772628805">
        <ele>135.1999969482422</ele>
        <time>1970-01-01T01:25:01Z</time>
        <extensions>
          <gpxtpx:TrackPointExtension>
            <gpxtpx:hr>99</gpxtpx:hr>
          </gpxtpx:TrackPointExtension>
        </extensions>
      </trkpt>
      <trkpt lat="30.244677536628508" lon="120.00545401812364">
        <ele>135.39999389648438</ele>
        <time>1970-01-01T01:25:03Z</time>
        <extensions>
          <gpxtpx:TrackPointExtension>
            <gpxtpx:hr>101</gpxtpx:hr>
          </gpxtpx:TrackPointExtension>
        </extensions>
      </trkpt>
      <trkpt lat="30.24466211279811" lon="120.0052625095648">
        <ele>135.39999389648438</ele>
        <time>1970-01-01T01:25:06Z</time>
        <extensions>
          <gpxtpx:TrackPointExtension>
            <gpxtpx:hr>102</gpxtpx:hr>
          </gpxtpx:TrackPointExtension>
        </extensions>
      </trkpt>
      <trkpt lat="30.24465644579241" lon="120.0051517935656">
        <ele>135.60000610351562</ele>
        <time>1970-01-01T01:25:08Z</time>
        <extensions>
          <gpxtpx:TrackPointExtension>
            <gpxtpx:hr>103</gpxtpx:hr>
          </gpxtpx:TrackPointExtension>
        </extensions>
      </trkpt>
      <trkpt lat="30.24465977521656" lon="120.00504207436992">
        <ele>135.60000610351562</ele>
        <time>1970-01-01T01:25:10Z</time>
        <extensions>
          <gpxtpx:TrackPointExtension>
            <gpxtpx:hr>104</gpxtpx:hr>
          </gpxtpx:TrackPointExtension>
        </extensions>
      </trkpt>
      <trkpt lat="30.244660937005193" lon="120.00498821230008">
        <ele>135.8000030517578</ele>
        <time>1970-01-01T01:25:11Z</time>
        <extensions>
          <gpxtpx:TrackPointExtension>
            <gpxtpx:hr>104</gpxtpx:hr>
          </gpxtpx:TrackPointExtension>
        </extensions>
      </trkpt>
      <trkpt lat="30.244656096268372" lon="120.00493534820463">
        <ele>136.0</ele>
        <time>1970-01-01T01:25:12Z</time>
        <extensions>
          <gpxtpx:TrackPointExtension>
            <gpxtpx:hr>104</gpxtpx:hr>
          </gpxtpx:TrackPointExtension>
        </extensions>
      </trkpt>
      <trkpt lat="30.244659248958087" lon="120.00488447834869">
        <ele>136.0</ele>
        <time>1970-01-01T01:25:13Z</time>
        <extensions>
          <gpxtpx:TrackPointExtension>
            <gpxtpx:hr>105</gpxtpx:hr>
          </gpxtpx:TrackPointExtension>
        </extensions>
      </trkpt>
      <trkpt lat="30.244662560622853" lon="120.00478074407567">
        <ele>136.1999969482422</ele>
        <time>1970-01-01T01:25:15Z</time>
        <extensions>
          <gpxtpx:TrackPointExtension>
            <gpxtpx:hr>107</gpxtpx:hr>
          </gpxtpx:TrackPointExtension>
        </extensions>
      </trkpt>
      <trkpt lat="30.244646720797096" lon="120.00472788100438">
        <ele>136.1999969482422</ele>
        <time>1970-01-01T01:25:16Z</time>
        <extensions>
          <gpxtpx:TrackPointExtension>
            <gpxtpx:hr>107</gpxtpx:hr>
          </gpxtpx:TrackPointExtension>
        </extensions>
      </trkpt>
      <trkpt lat="30.244639889320137" lon="120.00467202487889">
        <ele>136.39999389648438</ele>
        <time>1970-01-01T01:25:17Z</time>
        <extensions>
          <gpxtpx:TrackPointExtension>
            <gpxtpx:hr>108</gpxtpx:hr>
          </gpxtpx:TrackPointExtension>
        </extensions>
      </trkpt>
      <trkpt lat="30.244634865241768" lon="120.00434785750198">
        <ele>137.0</ele>
        <time>1970-01-01T01:25:23Z</time>
        <extensions>
          <gpxtpx:TrackPointExtension>
            <gpxtpx:hr>110</gpxtpx:hr>
          </gpxtpx:TrackPointExtension>
        </extensions>
      </trkpt>
      <trkpt lat="30.244641014936633" lon="120.00429798509771">
        <ele>137.1999969482422</ele>
        <time>1970-01-01T01:25:24Z</time>
        <extensions>
          <gpxtpx:TrackPointExtension>
            <gpxtpx:hr>110</gpxtpx:hr>
          </gpxtpx:TrackPointExtension>
        </extensions>
      </trkpt>
      <trkpt lat="30.244637177412528" lon="120.00424412380542">
        <ele>137.1999969482422</ele>
        <time>1970-01-01T01:25:25Z</time>
        <extensions>
          <gpxtpx:TrackPointExtension>
            <gpxtpx:hr>111</gpxtpx:hr>
          </gpxtpx:TrackPointExtension>
        </extensions>
      </trkpt>
      <trkpt lat="30.244624980574525" lon="120.0039778094298">
        <ele>137.8000030517578</ele>
        <time>1970-01-01T01:25:30Z</time>
        <extensions>
          <gpxtpx:TrackPointExtension>
            <gpxtpx:hr>113</gpxtpx:hr>
          </gpxtpx:TrackPointExtension>
        </extensions>
      </trkpt>
      <trkpt lat="30.244606450930316" lon="120.00382221125028">
        <ele>138.1999969482422</ele>
        <time>1970-01-01T01:25:33Z</time>
        <extensions>
          <gpxtpx:TrackPointExtension>
            <gpxtpx:hr>114</gpxtpx:hr>
          </gpxtpx:TrackPointExtension>
        </extensions>
      </trkpt>
      <trkpt lat="30.244578099669408" lon="120.00360776559964">
        <ele>138.39999389648438</ele>
        <time>1970-01-01T01:25:37Z</time>
        <extensions>
          <gpxtpx:TrackPointExtension>
            <gpxtpx:hr>113</gpxtpx:hr>
          </gpxtpx:TrackPointExtension>
        </extensions>
      </trkpt>
      <trkpt lat="30.244562889209952" lon="120.00334644000037">
        <ele>138.39999389648438</ele>
        <time>1970-01-01T01:25:42Z</time>
        <extensions>
          <gpxtpx:TrackPointExtension>
            <gpxtpx:hr>113</gpxtpx:hr>
          </gpxtpx:TrackPointExtension>
        </extensions>
      </trkpt>
      <trkpt lat="30.2446231195081" lon="120.00326863544012">
        <ele>138.39999389648438</ele>
        <time>1970-01-01T01:25:44Z</time>
        <extensions>
          <gpxtpx:TrackPointExtension>
            <gpxtpx:hr>113</gpxtpx:hr>
          </gpxtpx:TrackPointExtension>
        </extensions>
      </trkpt>
      <trkpt lat="30.24471915145592" lon="120.00325566079655">
        <ele>138.1999969482422</ele>
        <time>1970-01-01T01:25:46Z</time>
        <extensions>
          <gpxtpx:TrackPointExtension>
            <gpxtpx:hr>113</gpxtpx:hr>
          </gpxtpx:TrackPointExtension>
        </extensions>
      </trkpt>
      <trkpt lat="30.244766132882866" lon="120.00326064399692">
        <ele>138.0</ele>
        <time>1970-01-01T01:25:47Z</time>
        <extensions>
          <gpxtpx:TrackPointExtension>
            <gpxtpx:hr>113</gpxtpx:hr>
          </gpxtpx:TrackPointExtension>
        </extensions>
      </trkpt>
      <trkpt lat="30.24490907098557" lon="120.00327758829013">
        <ele>138.0</ele>
        <time>1970-01-01T01:25:50Z</time>
        <extensions>
          <gpxtpx:TrackPointExtension>
            <gpxtpx:hr>110</gpxtpx:hr>
          </gpxtpx:TrackPointExtension>
        </extensions>
      </trkpt>
      <trkpt lat="30.245231926314116" lon="120.00331745835439">
        <ele>138.39999389648438</ele>
        <time>1970-01-01T01:25:57Z</time>
        <extensions>
          <gpxtpx:TrackPointExtension>
            <gpxtpx:hr>107</gpxtpx:hr>
          </gpxtpx:TrackPointExtension>
        </extensions>
      </trkpt>
      <trkpt lat="30.245617752754793" lon="120.0033653025806">
        <ele>138.8000030517578</ele>
        <time>1970-01-01T01:26:05Z</time>
        <extensions>
          <gpxtpx:TrackPointExtension>
            <gpxtpx:hr>107</gpxtpx:hr>
          </gpxtpx:TrackPointExtension>
        </extensions>
      </trkpt>
      <trkpt lat="30.24613957182005" lon="120.00341213797144">
        <ele>139.0</ele>
        <time>1970-01-01T01:26:15Z</time>
        <extensions>
          <gpxtpx:TrackPointExtension>
            <gpxtpx:hr>106</gpxtpx:hr>
          </gpxtpx:TrackPointExtension>
        </extensions>
      </trkpt>
      <trkpt lat="30.246453463723114" lon="120.00344003965974">
        <ele>138.8000030517578</ele>
        <time>1970-01-01T01:26:20Z</time>
        <extensions>
          <gpxtpx:TrackPointExtension>
            <gpxtpx:hr>107</gpxtpx:hr>
          </gpxtpx:TrackPointExtension>
        </extensions>
      </trkpt>
      <trkpt lat="30.246615391217684" lon="120.00345997467115">
        <ele>138.39999389648438</ele>
        <time>1970-01-01T01:26:23Z</time>
        <extensions>
          <gpxtpx:TrackPointExtension>
            <gpxtpx:hr>110</gpxtpx:hr>
          </gpxtpx:TrackPointExtension>
        </extensions>
      </trkpt>
      <trkpt lat="30.24687526007422" lon="120.0034968577839">
        <ele>138.1999969482422</ele>
        <time>1970-01-01T01:26:28Z</time>
        <extensions>
          <gpxtpx:TrackPointExtension>
            <gpxtpx:hr>112</gpxtpx:hr>
          </gpxtpx:TrackPointExtension>
        </extensions>
      </trkpt>
      <trkpt lat="30.246926235121233" lon="120.00350383551913">
        <ele>138.1999969482422</ele>
        <time>1970-01-01T01:26:29Z</time>
        <extensions>
          <gpxtpx:TrackPointExtension>
            <gpxtpx:hr>112</gpxtpx:hr>
          </gpxtpx:TrackPointExtension>
        </extensions>
      </trkpt>
      <trkpt lat="30.247437054632947" lon="120.0035506718787">
        <ele>137.8000030517578</ele>
        <time>1970-01-01T01:26:39Z</time>
        <extensions>
          <gpxtpx:TrackPointExtension>
            <gpxtpx:hr>113</gpxtpx:hr>
          </gpxtpx:TrackPointExtension>
        </extensions>
      </trkpt>
      <trkpt lat="30.247668961623653" lon="120.00357558818553">
        <ele>137.39999389648438</ele>
        <time>1970-01-01T01:26:45Z</time>
        <extensions>
          <gpxtpx:TrackPointExtension>
            <gpxtpx:hr>115</gpxtpx:hr>
          </gpxtpx:TrackPointExtension>
        </extensions>
      </trkpt>
      <trkpt lat="30.247750907192337" lon="120.00359154020778">
        <ele>137.39999389648438</ele>
        <time>1970-01-01T01:26:49Z</time>
        <extensions>
          <gpxtpx:TrackPointExtension>
            <gpxtpx:hr>112</gpxtpx:hr>
          </gpxtpx:TrackPointExtension>
        </extensions>
      </trkpt>
      <trkpt lat="30.24776489408373" lon="120.00359552875956">
        <ele>137.39999389648438</ele>
        <time>1970-01-01T01:26:50Z</time>
        <extensions>
          <gpxtpx:TrackPointExtension>
            <gpxtpx:hr>112</gpxtpx:hr>
          </gpxtpx:TrackPointExtension>
        </extensions>
      </trkpt>
      <trkpt lat="30.247828639511948" lon="120.00367831026094">
        <ele>137.39999389648438</ele>
        <time>1970-01-01T01:26:56Z</time>
        <extensions>
          <gpxtpx:TrackPointExtension>
            <gpxtpx:hr>113</gpxtpx:hr>
          </gpxtpx:TrackPointExtension>
        </extensions>
      </trkpt>
      <trkpt lat="30.247850168726295" lon="120.00383390799271">
        <ele>137.39999389648438</ele>
        <time>1970-01-01T01:27:03Z</time>
        <extensions>
          <gpxtpx:TrackPointExtension>
            <gpxtpx:hr>112</gpxtpx:hr>
          </gpxtpx:TrackPointExtension>
        </extensions>
      </trkpt>
      <trkpt lat="30.24785977417211" lon="120.00396457105455">
        <ele>137.60000610351562</ele>
        <time>1970-01-01T01:27:10Z</time>
        <extensions>
          <gpxtpx:TrackPointExtension>
            <gpxtpx:hr>113</gpxtpx:hr>
          </gpxtpx:TrackPointExtension>
        </extensions>
      </trkpt>
      <trkpt lat="30.24789956373074" lon="120.00403339072238">
        <ele>137.39999389648438</ele>
        <time>1970-01-01T01:27:14Z</time>
        <extensions>
          <gpxtpx:TrackPointExtension>
            <gpxtpx:hr>110</gpxtpx:hr>
          </gpxtpx:TrackPointExtension>
        </extensions>
      </trkpt>
      <trkpt lat="30.247924477668956" lon="120.00406131681878">
        <ele>137.39999389648438</ele>
        <time>1970-01-01T01:27:16Z</time>
        <extensions>
          <gpxtpx:TrackPointExtension>
            <gpxtpx:hr>106</gpxtpx:hr>
          </gpxtpx:TrackPointExtension>
        </extensions>
      </trkpt>
      <trkpt lat="30.24793645270698" lon="120.00406929529666">
        <ele>137.1999969482422</ele>
        <time>1970-01-01T01:27:17Z</time>
        <extensions>
          <gpxtpx:TrackPointExtension>
            <gpxtpx:hr>104</gpxtpx:hr>
          </gpxtpx:TrackPointExtension>
        </extensions>
      </trkpt>
      <trkpt lat="30.247950454634022" lon="120.00406829668485">
        <ele>137.0</ele>
        <time>1970-01-01T01:27:22Z</time>
        <extensions>
          <gpxtpx:TrackPointExtension>
            <gpxtpx:hr>102</gpxtpx:hr>
          </gpxtpx:TrackPointExtension>
        </extensions>
      </trkpt>
      <trkpt lat="30.247948451783223" lon="120.00406929428863">
        <ele>137.0</ele>
        <time>1970-01-01T01:27:23Z</time>
        <extensions>
          <gpxtpx:TrackPointExtension>
            <gpxtpx:hr>105</gpxtpx:hr>
          </gpxtpx:TrackPointExtension>
        </extensions>
      </trkpt>
      <trkpt lat="30.247949454711005" lon="120.00406829676885">
        <ele>136.39999389648438</ele>
        <time>1970-01-01T01:27:27Z</time>
        <extensions>
          <gpxtpx:TrackPointExtension>
            <gpxtpx:hr>102</gpxtpx:hr>
          </gpxtpx:TrackPointExtension>
        </extensions>
      </trkpt>
      <trkpt lat="30.247949454711005" lon="120.00406829676885">
        <ele>136.1999969482422</ele>
        <time>1970-01-01T01:27:29Z</time>
        <extensions>
          <gpxtpx:TrackPointExtension>
            <gpxtpx:hr>102</gpxtpx:hr>
          </gpxtpx:TrackPointExtension>
        </extensions>
      </trkpt>
      <trkpt lat="30.247949421658998" lon="120.00407926856272">
        <ele>136.0</ele>
        <time>1970-01-01T01:27:31Z</time>
        <extensions>
          <gpxtpx:TrackPointExtension>
            <gpxtpx:hr>100</gpxtpx:hr>
          </gpxtpx:TrackPointExtension>
        </extensions>
      </trkpt>
      <trkpt lat="30.247949427668388" lon="120.00407727369104">
        <ele>135.60000610351562</ele>
        <time>1970-01-01T01:27:36Z</time>
        <extensions>
          <gpxtpx:TrackPointExtension>
            <gpxtpx:hr>99</gpxtpx:hr>
          </gpxtpx:TrackPointExtension>
        </extensions>
      </trkpt>
      <trkpt lat="30.24794942466369" lon="120.00407827112689">
        <ele>135.60000610351562</ele>
        <time>1970-01-01T01:27:38Z</time>
        <extensions>
          <gpxtpx:TrackPointExtension>
            <gpxtpx:hr>102</gpxtpx:hr>
          </gpxtpx:TrackPointExtension>
        </extensions>
      </trkpt>
      <trkpt lat="30.24794942466369" lon="120.00407827112689">
        <ele>135.0</ele>
        <time>1970-01-01T01:27:44Z</time>
        <extensions>
          <gpxtpx:TrackPointExtension>
            <gpxtpx:hr>95</gpxtpx:hr>
          </gpxtpx:TrackPointExtension>
        </extensions>
      </trkpt>
      <trkpt lat="30.24794942466369" lon="120.00407827112689">
        <ele>135.0</ele>
        <time>1970-01-01T01:27:45Z</time>
        <extensions>
          <gpxtpx:TrackPointExtension>
            <gpxtpx:hr>93</gpxtpx:hr>
          </gpxtpx:TrackPointExtension>
        </extensions>
      </trkpt>
      <trkpt lat="30.247949427668388" lon="120.00407727369104">
        <ele>134.39999389648438</ele>
        <time>1970-01-01T01:27:48Z</time>
        <extensions>
          <gpxtpx:TrackPointExtension>
            <gpxtpx:hr>89</gpxtpx:hr>
          </gpxtpx:TrackPointExtension>
        </extensions>
      </trkpt>
      <trkpt lat="30.247949427668388" lon="120.00407727369104">
        <ele>134.0</ele>
        <time>1970-01-01T01:27:50Z</time>
        <extensions>
          <gpxtpx:TrackPointExtension>
            <gpxtpx:hr>86</gpxtpx:hr>
          </gpxtpx:TrackPointExtension>
        </extensions>
      </trkpt>
      <trkpt lat="30.247949427668388" lon="120.00407727369104">
        <ele>133.8000030517578</ele>
        <time>1970-01-01T01:27:51Z</time>
        <extensions>
          <gpxtpx:TrackPointExtension>
            <gpxtpx:hr>84</gpxtpx:hr>
          </gpxtpx:TrackPointExtension>
        </extensions>
      </trkpt>
      <trkpt lat="30.24794945170624" lon="120.00406929420463">
        <ele>133.8000030517578</ele>
        <time>1970-01-01T01:27:55Z</time>
        <extensions>
          <gpxtpx:TrackPointExtension>
            <gpxtpx:hr>81</gpxtpx:hr>
          </gpxtpx:TrackPointExtension>
        </extensions>
      </trkpt>
      <trkpt lat="30.247949445696733" lon="120.00407128907618">
        <ele>133.60000610351562</ele>
        <time>1970-01-01T01:27:57Z</time>
        <extensions>
          <gpxtpx:TrackPointExtension>
            <gpxtpx:hr>81</gpxtpx:hr>
          </gpxtpx:TrackPointExtension>
        </extensions>
      </trkpt>
      <trkpt lat="30.24794945170624" lon="120.00406929420463">
        <ele>133.1999969482422</ele>
        <time>1970-01-01T01:28:02Z</time>
        <extensions>
          <gpxtpx:TrackPointExtension>
            <gpxtpx:hr>78</gpxtpx:hr>
          </gpxtpx:TrackPointExtension>
        </extensions>
      </trkpt>
      <trkpt lat="30.247949445696733" lon="120.00407128907618">
        <ele>132.8000030517578</ele>
        <time>1970-01-01T01:28:11Z</time>
        <extensions>
          <gpxtpx:TrackPointExtension>
            <gpxtpx:hr>80</gpxtpx:hr>
          </gpxtpx:TrackPointExtension>
        </extensions>
      </trkpt>
      <trkpt lat="30.247949445696733" lon="120.00407128907618">
        <ele>132.1999969482422</ele>
        <time>1970-01-01T01:28:26Z</time>
        <extensions>
          <gpxtpx:TrackPointExtension>
            <gpxtpx:hr>77</gpxtpx:hr>
          </gpxtpx:TrackPointExtension>
        </extensions>
      </trkpt>
      <trkpt lat="30.247949448701483" lon="120.0040702916404">
        <ele>132.0</ele>
        <time>1970-01-01T01:28:30Z</time>
        <extensions>
          <gpxtpx:TrackPointExtension>
            <gpxtpx:hr>76</gpxtpx:hr>
          </gpxtpx:TrackPointExtension>
        </extensions>
      </trkpt>
      <trkpt lat="30.247949445696733" lon="120.00407128907618">
        <ele>131.8000030517578</ele>
        <time>1970-01-01T01:28:37Z</time>
        <extensions>
          <gpxtpx:TrackPointExtension>
            <gpxtpx:hr>74</gpxtpx:hr>
          </gpxtpx:TrackPointExtension>
        </extensions>
      </trkpt>
      <trkpt lat="30.247949445696733" lon="120.00407128907618">
        <ele>131.1999969482422</ele>
        <time>1970-01-01T01:28:43Z</time>
        <extensions>
          <gpxtpx:TrackPointExtension>
            <gpxtpx:hr>75</gpxtpx:hr>
          </gpxtpx:TrackPointExtension>
        </extensions>
      </trkpt>
      <trkpt lat="30.247960414802773" lon="120.00408126251043">
        <ele>131.1999969482422</ele>
        <time>1970-01-01T01:28:49Z</time>
        <extensions>
          <gpxtpx:TrackPointExtension>
            <gpxtpx:hr>78</gpxtpx:hr>
          </gpxtpx:TrackPointExtension>
        </extensions>
      </trkpt>
      <trkpt lat="30.247958417961435" lon="120.00408026524258">
        <ele>131.1999969482422</ele>
        <time>1970-01-01T01:28:51Z</time>
        <extensions>
          <gpxtpx:TrackPointExtension>
            <gpxtpx:hr>78</gpxtpx:hr>
          </gpxtpx:TrackPointExtension>
        </extensions>
      </trkpt>
      <trkpt lat="30.247958417961435" lon="120.00408026524258">
        <ele>131.39999389648438</ele>
        <time>1970-01-01T01:28:54Z</time>
        <extensions>
          <gpxtpx:TrackPointExtension>
            <gpxtpx:hr>81</gpxtpx:hr>
          </gpxtpx:TrackPointExtension>
        </extensions>
      </trkpt>
      <trkpt lat="30.247958417961435" lon="120.00408026524258">
        <ele>130.8000030517578</ele>
        <time>1970-01-01T01:29:00Z</time>
        <extensions>
          <gpxtpx:TrackPointExtension>
            <gpxtpx:hr>80</gpxtpx:hr>
          </gpxtpx:TrackPointExtension>
        </extensions>
      </trkpt>
      <trkpt lat="30.247958420966118" lon="120.0040792678067">
        <ele>130.60000610351562</ele>
        <time>1970-01-01T01:29:02Z</time>
        <extensions>
          <gpxtpx:TrackPointExtension>
            <gpxtpx:hr>80</gpxtpx:hr>
          </gpxtpx:TrackPointExtension>
        </extensions>
      </trkpt>
      <trkpt lat="30.24795944492686" lon="120.00407128823616">
        <ele>130.1999969482422</ele>
        <time>1970-01-01T01:29:08Z</time>
        <extensions>
          <gpxtpx:TrackPointExtension>
            <gpxtpx:hr>80</gpxtpx:hr>
          </gpxtpx:TrackPointExtension>
        </extensions>
      </trkpt>
      <trkpt lat="30.24795943891738" lon="120.00407328310774">
        <ele>130.0</ele>
        <time>1970-01-01T01:29:14Z</time>
        <extensions>
          <gpxtpx:TrackPointExtension>
            <gpxtpx:hr>76</gpxtpx:hr>
          </gpxtpx:TrackPointExtension>
        </extensions>
      </trkpt>
      <trkpt lat="30.24795943891738" lon="120.00407328310774">
        <ele>129.8000030517578</ele>
        <time>1970-01-01T01:29:16Z</time>
        <extensions>
          <gpxtpx:TrackPointExtension>
            <gpxtpx:hr>74</gpxtpx:hr>
          </gpxtpx:TrackPointExtension>
        </extensions>
      </trkpt>
      <trkpt lat="30.247959441922116" lon="120.00407228567195">
        <ele>129.60000610351562</ele>
        <time>1970-01-01T01:29:17Z</time>
        <extensions>
          <gpxtpx:TrackPointExtension>
            <gpxtpx:hr>73</gpxtpx:hr>
          </gpxtpx:TrackPointExtension>
        </extensions>
      </trkpt>
      <trkpt lat="30.247959441922116" lon="120.00407228567195">
        <ele>129.39999389648438</ele>
        <time>1970-01-01T01:29:20Z</time>
        <extensions>
          <gpxtpx:TrackPointExtension>
            <gpxtpx:hr>70</gpxtpx:hr>
          </gpxtpx:TrackPointExtension>
        </extensions>
      </trkpt>
      <trkpt lat="30.24795943891738" lon="120.00407328310774">
        <ele>129.1999969482422</ele>
        <time>1970-01-01T01:29:25Z</time>
        <extensions>
          <gpxtpx:TrackPointExtension>
            <gpxtpx:hr>69</gpxtpx:hr>
          </gpxtpx:TrackPointExtension>
        </extensions>
      </trkpt>
      <trkpt lat="30.24795944793161" lon="120.00407029080039">
        <ele>128.8000030517578</ele>
        <time>1970-01-01T01:29:34Z</time>
        <extensions>
          <gpxtpx:TrackPointExtension>
            <gpxtpx:hr>71</gpxtpx:hr>
          </gpxtpx:TrackPointExtension>
        </extensions>
      </trkpt>
      <trkpt lat="30.24795943891738" lon="120.00407328310774">
        <ele>128.60000610351562</ele>
        <time>1970-01-01T01:29:37Z</time>
        <extensions>
          <gpxtpx:TrackPointExtension>
            <gpxtpx:hr>70</gpxtpx:hr>
          </gpxtpx:TrackPointExtension>
        </extensions>
      </trkpt>
      <trkpt lat="30.24795943891738" lon="120.00407328310774">
        <ele>128.39999389648438</ele>
        <time>1970-01-01T01:29:41Z</time>
        <extensions>
          <gpxtpx:TrackPointExtension>
            <gpxtpx:hr>68</gpxtpx:hr>
          </gpxtpx:TrackPointExtension>
        </extensions>
      </trkpt>
      <trkpt lat="30.247959441922116" lon="120.00407228567195">
        <ele>128.1999969482422</ele>
        <time>1970-01-01T01:29:44Z</time>
        <extensions>
          <gpxtpx:TrackPointExtension>
            <gpxtpx:hr>71</gpxtpx:hr>
          </gpxtpx:TrackPointExtension>
        </extensions>
      </trkpt>
      <trkpt lat="30.247959441922116" lon="120.00407228567195">
        <ele>127.5999984741211</ele>
        <time>1970-01-01T01:29:51Z</time>
        <extensions>
          <gpxtpx:TrackPointExtension>
            <gpxtpx:hr>74</gpxtpx:hr>
          </gpxtpx:TrackPointExtension>
        </extensions>
      </trkpt>
      <trkpt lat="30.24795944492686" lon="120.00407128823616">
        <ele>127.5999984741211</ele>
        <time>1970-01-01T01:29:52Z</time>
        <extensions>
          <gpxtpx:TrackPointExtension>
            <gpxtpx:hr>74</gpxtpx:hr>
          </gpxtpx:TrackPointExtension>
        </extensions>
      </trkpt>
      <trkpt lat="30.24795943891738" lon="120.00407328310774">
        <ele>127.5999984741211</ele>
        <time>1970-01-01T01:29:53Z</time>
        <extensions>
          <gpxtpx:TrackPointExtension>
            <gpxtpx:hr>77</gpxtpx:hr>
          </gpxtpx:TrackPointExtension>
        </extensions>
      </trkpt>
      <trkpt lat="30.24795944492686" lon="120.00407128823616">
        <ele>127.4000015258789</ele>
        <time>1970-01-01T01:29:54Z</time>
        <extensions>
          <gpxtpx:TrackPointExtension>
            <gpxtpx:hr>76</gpxtpx:hr>
          </gpxtpx:TrackPointExtension>
        </extensions>
      </trkpt>
      <trkpt lat="30.247959441922116" lon="120.00407228567195">
        <ele>127.0</ele>
        <time>1970-01-01T01:30:04Z</time>
        <extensions>
          <gpxtpx:TrackPointExtension>
            <gpxtpx:hr>78</gpxtpx:hr>
          </gpxtpx:TrackPointExtension>
        </extensions>
      </trkpt>
      <trkpt lat="30.247957424047797" lon="120.00407827045487">
        <ele>126.4000015258789</ele>
        <time>1970-01-01T01:30:18Z</time>
        <extensions>
          <gpxtpx:TrackPointExtension>
            <gpxtpx:hr>80</gpxtpx:hr>
          </gpxtpx:TrackPointExtension>
        </extensions>
      </trkpt>
      <trkpt lat="30.247957424047797" lon="120.00407827045487">
        <ele>126.0</ele>
        <time>1970-01-01T01:30:31Z</time>
        <extensions>
          <gpxtpx:TrackPointExtension>
            <gpxtpx:hr>80</gpxtpx:hr>
          </gpxtpx:TrackPointExtension>
        </extensions>
      </trkpt>
      <trkpt lat="30.24796040578879" lon="120.00408425481807">
        <ele>126.0</ele>
        <time>1970-01-01T01:30:39Z</time>
        <extensions>
          <gpxtpx:TrackPointExtension>
            <gpxtpx:hr>81</gpxtpx:hr>
          </gpxtpx:TrackPointExtension>
        </extensions>
      </trkpt>
      <trkpt lat="30.2479614057118" lon="120.00408425473407">
        <ele>125.5999984741211</ele>
        <time>1970-01-01T01:30:51Z</time>
        <extensions>
          <gpxtpx:TrackPointExtension>
            <gpxtpx:hr>81</gpxtpx:hr>
          </gpxtpx:TrackPointExtension>
        </extensions>
      </trkpt>
      <trkpt lat="30.2479614057118" lon="120.00408425473407">
        <ele>125.4000015258789</ele>
        <time>1970-01-01T01:30:58Z</time>
        <extensions>
          <gpxtpx:TrackPointExtension>
            <gpxtpx:hr>80</gpxtpx:hr>
          </gpxtpx:TrackPointExtension>
        </extensions>
      </trkpt>
      <trkpt lat="30.2479624056348" lon="120.00408425465007">
        <ele>125.19999694824219</ele>
        <time>1970-01-01T01:31:01Z</time>
        <extensions>
          <gpxtpx:TrackPointExtension>
            <gpxtpx:hr>83</gpxtpx:hr>
          </gpxtpx:TrackPointExtension>
        </extensions>
      </trkpt>
      <trkpt lat="30.2479624056348" lon="120.00408425465007">
        <ele>125.0</ele>
        <time>1970-01-01T01:31:06Z</time>
        <extensions>
          <gpxtpx:TrackPointExtension>
            <gpxtpx:hr>79</gpxtpx:hr>
          </gpxtpx:TrackPointExtension>
        </extensions>
      </trkpt>
      <trkpt lat="30.2479624056348" lon="120.00408425465007">
        <ele>124.80000305175781</ele>
        <time>1970-01-01T01:31:13Z</time>
        <extensions>
          <gpxtpx:TrackPointExtension>
            <gpxtpx:hr>77</gpxtpx:hr>
          </gpxtpx:TrackPointExtension>
        </extensions>
      </trkpt>
      <trkpt lat="30.2479624056348" lon="120.00408425465007">
        <ele>124.4000015258789</ele>
        <time>1970-01-01T01:31:20Z</time>
        <extensions>
          <gpxtpx:TrackPointExtension>
            <gpxtpx:hr>77</gpxtpx:hr>
          </gpxtpx:TrackPointExtension>
        </extensions>
      </trkpt>
      <trkpt lat="30.24795238236772" lon="120.0040922349775">
        <ele>124.4000015258789</ele>
        <time>1970-01-01T01:31:22Z</time>
        <extensions>
          <gpxtpx:TrackPointExtension>
            <gpxtpx:hr>77</gpxtpx:hr>
          </gpxtpx:TrackPointExtension>
        </extensions>
      </trkpt>
      <trkpt lat="30.24795238236772" lon="120.0040922349775">
        <ele>124.4000015258789</ele>
        <time>1970-01-01T01:31:31Z</time>
        <extensions>
          <gpxtpx:TrackPointExtension>
            <gpxtpx:hr>76</gpxtpx:hr>
          </gpxtpx:TrackPointExtension>
        </extensions>
      </trkpt>
      <trkpt lat="30.2479563940782" lon="120.00408824489772">
        <ele>124.5999984741211</ele>
        <time>1970-01-01T01:31:42Z</time>
        <extensions>
          <gpxtpx:TrackPointExtension>
            <gpxtpx:hr>76</gpxtpx:hr>
          </gpxtpx:TrackPointExtension>
        </extensions>
      </trkpt>
      <trkpt lat="30.2479563940782" lon="120.00408824489772">
        <ele>124.19999694824219</ele>
        <time>1970-01-01T01:31:53Z</time>
        <extensions>
          <gpxtpx:TrackPointExtension>
            <gpxtpx:hr>76</gpxtpx:hr>
          </gpxtpx:TrackPointExtension>
        </extensions>
      </trkpt>
      <trkpt lat="30.247960414802773" lon="120.00408126251043">
        <ele>124.19999694824219</ele>
        <time>1970-01-01T01:31:57Z</time>
        <extensions>
          <gpxtpx:TrackPointExtension>
            <gpxtpx:hr>79</gpxtpx:hr>
          </gpxtpx:TrackPointExtension>
        </extensions>
      </trkpt>
      <trkpt lat="30.247960414802773" lon="120.00408126251043">
        <ele>124.0</ele>
        <time>1970-01-01T01:32:06Z</time>
        <extensions>
          <gpxtpx:TrackPointExtension>
            <gpxtpx:hr>78</gpxtpx:hr>
          </gpxtpx:TrackPointExtension>
        </extensions>
      </trkpt>
      <trkpt lat="30.247960411798104" lon="120.0040822599463">
        <ele>123.5999984741211</ele>
        <time>1970-01-01T01:32:17Z</time>
        <extensions>
          <gpxtpx:TrackPointExtension>
            <gpxtpx:hr>77</gpxtpx:hr>
          </gpxtpx:TrackPointExtension>
        </extensions>
      </trkpt>
      <trkpt lat="30.247978467502126" lon="120.00406330715411">
        <ele>124.19999694824219</ele>
        <time>1970-01-01T01:32:22Z</time>
        <extensions>
          <gpxtpx:TrackPointExtension>
            <gpxtpx:hr>77</gpxtpx:hr>
          </gpxtpx:TrackPointExtension>
        </extensions>
      </trkpt>
      <trkpt lat="30.247973473896753" lon="120.0040613127027">
        <ele>124.19999694824219</ele>
        <time>1970-01-01T01:32:29Z</time>
        <extensions>
          <gpxtpx:TrackPointExtension>
            <gpxtpx:hr>78</gpxtpx:hr>
          </gpxtpx:TrackPointExtension>
        </extensions>
      </trkpt>
      <trkpt lat="30.247969456175962" lon="120.00406729765307">
        <ele>124.19999694824219</ele>
        <time>1970-01-01T01:32:38Z</time>
        <extensions>
          <gpxtpx:TrackPointExtension>
            <gpxtpx:hr>78</gpxtpx:hr>
          </gpxtpx:TrackPointExtension>
        </extensions>
      </trkpt>
      <trkpt lat="30.247968501325413" lon="120.00405233620174">
        <ele>124.19999694824219</ele>
        <time>1970-01-01T01:32:44Z</time>
        <extensions>
          <gpxtpx:TrackPointExtension>
            <gpxtpx:hr>78</gpxtpx:hr>
          </gpxtpx:TrackPointExtension>
        </extensions>
      </trkpt>
      <trkpt lat="30.247958592245155" lon="120.00402241397667">
        <ele>124.19999694824219</ele>
        <time>1970-01-01T01:32:47Z</time>
        <extensions>
          <gpxtpx:TrackPointExtension>
            <gpxtpx:hr>77</gpxtpx:hr>
          </gpxtpx:TrackPointExtension>
        </extensions>
      </trkpt>
      <trkpt lat="30.24795871846586" lon="120.0039805216981">
        <ele>126.80000305175781</ele>
        <time>1970-01-01T01:32:49Z</time>
        <extensions>
          <gpxtpx:TrackPointExtension>
            <gpxtpx:hr>79</gpxtpx:hr>
          </gpxtpx:TrackPointExtension>
        </extensions>
      </trkpt>
      <trkpt lat="30.24795484500726" lon="120.00393862977006">
        <ele>126.80000305175781</ele>
        <time>1970-01-01T01:32:51Z</time>
        <extensions>
          <gpxtpx:TrackPointExtension>
            <gpxtpx:hr>79</gpxtpx:hr>
          </gpxtpx:TrackPointExtension>
        </extensions>
      </trkpt>
      <trkpt lat="30.2479313699563" lon="120.00376507827413">
        <ele>127.0</ele>
        <time>1970-01-01T01:32:57Z</time>
        <extensions>
          <gpxtpx:TrackPointExtension>
            <gpxtpx:hr>80</gpxtpx:hr>
          </gpxtpx:TrackPointExtension>
        </extensions>
      </trkpt>
      <trkpt lat="30.247965827483853" lon="120.00361246822153">
        <ele>127.80000305175781</ele>
        <time>1970-01-01T01:33:01Z</time>
        <extensions>
          <gpxtpx:TrackPointExtension>
            <gpxtpx:hr>83</gpxtpx:hr>
          </gpxtpx:TrackPointExtension>
        </extensions>
      </trkpt>
      <trkpt lat="30.24800184275988" lon="120.00360648060575">
        <ele>127.80000305175781</ele>
        <time>1970-01-01T01:33:02Z</time>
        <extensions>
          <gpxtpx:TrackPointExtension>
            <gpxtpx:hr>84</gpxtpx:hr>
          </gpxtpx:TrackPointExtension>
        </extensions>
      </trkpt>
      <trkpt lat="30.248204748904897" lon="120.00363239679041">
        <ele>128.60000610351562</ele>
        <time>1970-01-01T01:33:07Z</time>
        <extensions>
          <gpxtpx:TrackPointExtension>
            <gpxtpx:hr>87</gpxtpx:hr>
          </gpxtpx:TrackPointExtension>
        </extensions>
      </trkpt>
      <trkpt lat="30.24833872652966" lon="120.00363637526448">
        <ele>128.8000030517578</ele>
        <time>1970-01-01T01:33:10Z</time>
        <extensions>
          <gpxtpx:TrackPointExtension>
            <gpxtpx:hr>88</gpxtpx:hr>
          </gpxtpx:TrackPointExtension>
        </extensions>
      </trkpt>
      <trkpt lat="30.248577662934725" lon="120.00365131667468">
        <ele>129.8000030517578</ele>
        <time>1970-01-01T01:33:16Z</time>
        <extensions>
          <gpxtpx:TrackPointExtension>
            <gpxtpx:hr>91</gpxtpx:hr>
          </gpxtpx:TrackPointExtension>
        </extensions>
      </trkpt>
      <trkpt lat="30.248618644722487" lon="120.00365630039279">
        <ele>129.8000030517578</ele>
        <time>1970-01-01T01:33:17Z</time>
        <extensions>
          <gpxtpx:TrackPointExtension>
            <gpxtpx:hr>92</gpxtpx:hr>
          </gpxtpx:TrackPointExtension>
        </extensions>
      </trkpt>
      <trkpt lat="30.24874462894723" lon="120.00365828467444">
        <ele>130.1999969482422</ele>
        <time>1970-01-01T01:33:20Z</time>
        <extensions>
          <gpxtpx:TrackPointExtension>
            <gpxtpx:hr>88</gpxtpx:hr>
          </gpxtpx:TrackPointExtension>
        </extensions>
      </trkpt>
      <trkpt lat="30.248790634404656" lon="120.00365528851361">
        <ele>130.39999389648438</ele>
        <time>1970-01-01T01:33:21Z</time>
        <extensions>
          <gpxtpx:TrackPointExtension>
            <gpxtpx:hr>93</gpxtpx:hr>
          </gpxtpx:TrackPointExtension>
        </extensions>
      </trkpt>
      <trkpt lat="30.248879606448043" lon="120.00366226306495">
        <ele>130.8000030517578</ele>
        <time>1970-01-01T01:33:23Z</time>
        <extensions>
          <gpxtpx:TrackPointExtension>
            <gpxtpx:hr>98</gpxtpx:hr>
          </gpxtpx:TrackPointExtension>
        </extensions>
      </trkpt>
      <trkpt lat="30.248924575887177" lon="120.00367123617735">
        <ele>131.0</ele>
        <time>1970-01-01T01:33:24Z</time>
        <extensions>
          <gpxtpx:TrackPointExtension>
            <gpxtpx:hr>100</gpxtpx:hr>
          </gpxtpx:TrackPointExtension>
        </extensions>
      </trkpt>
      <trkpt lat="30.24901754460531" lon="120.00367920782605">
        <ele>131.1999969482422</ele>
        <time>1970-01-01T01:33:26Z</time>
        <extensions>
          <gpxtpx:TrackPointExtension>
            <gpxtpx:hr>103</gpxtpx:hr>
          </gpxtpx:TrackPointExtension>
        </extensions>
      </trkpt>
      <trkpt lat="30.24916850279333" lon="120.00368916946871">
        <ele>131.60000610351562</ele>
        <time>1970-01-01T01:33:29Z</time>
        <extensions>
          <gpxtpx:TrackPointExtension>
            <gpxtpx:hr>96</gpxtpx:hr>
          </gpxtpx:TrackPointExtension>
        </extensions>
      </trkpt>
      <trkpt lat="30.24921848085893" lon="120.00369514986485">
        <ele>131.60000610351562</ele>
        <time>1970-01-01T01:33:30Z</time>
        <extensions>
          <gpxtpx:TrackPointExtension>
            <gpxtpx:hr>96</gpxtpx:hr>
          </gpxtpx:TrackPointExtension>
        </extensions>
      </trkpt>
      <trkpt lat="30.2493204278082" lon="120.00371010278826">
        <ele>131.8000030517578</ele>
        <time>1970-01-01T01:33:32Z</time>
        <extensions>
          <gpxtpx:TrackPointExtension>
            <gpxtpx:hr>96</gpxtpx:hr>
          </gpxtpx:TrackPointExtension>
        </extensions>
      </trkpt>
      <trkpt lat="30.249372402706612" lon="120.00371708045017">
        <ele>132.0</ele>
        <time>1970-01-01T01:33:33Z</time>
        <extensions>
          <gpxtpx:TrackPointExtension>
            <gpxtpx:hr>101</gpxtpx:hr>
          </gpxtpx:TrackPointExtension>
        </extensions>
      </trkpt>
      <trkpt lat="30.249422374752253" lon="120.00372505571336">
        <ele>132.0</ele>
        <time>1970-01-01T01:33:34Z</time>
        <extensions>
          <gpxtpx:TrackPointExtension>
            <gpxtpx:hr>102</gpxtpx:hr>
          </gpxtpx:TrackPointExtension>
        </extensions>
      </trkpt>
      <trkpt lat="30.249474361676715" lon="120.00372804364426">
        <ele>132.0</ele>
        <time>1970-01-01T01:33:35Z</time>
        <extensions>
          <gpxtpx:TrackPointExtension>
            <gpxtpx:hr>99</gpxtpx:hr>
          </gpxtpx:TrackPointExtension>
        </extensions>
      </trkpt>
      <trkpt lat="30.24958034739316" lon="120.00373002960639">
        <ele>132.1999969482422</ele>
        <time>1970-01-01T01:33:37Z</time>
        <extensions>
          <gpxtpx:TrackPointExtension>
            <gpxtpx:hr>102</gpxtpx:hr>
          </gpxtpx:TrackPointExtension>
        </extensions>
      </trkpt>
      <trkpt lat="30.249740301818804" lon="120.00374098792955">
        <ele>132.60000610351562</ele>
        <time>1970-01-01T01:33:40Z</time>
        <extensions>
          <gpxtpx:TrackPointExtension>
            <gpxtpx:hr>101</gpxtpx:hr>
          </gpxtpx:TrackPointExtension>
        </extensions>
      </trkpt>
      <trkpt lat="30.249789264910802" lon="120.0037519555774">
        <ele>132.60000610351562</ele>
        <time>1970-01-01T01:33:41Z</time>
        <extensions>
          <gpxtpx:TrackPointExtension>
            <gpxtpx:hr>103</gpxtpx:hr>
          </gpxtpx:TrackPointExtension>
        </extensions>
      </trkpt>
      <trkpt lat="30.249975193225126" lon="120.0037708911841">
        <ele>133.0</ele>
        <time>1970-01-01T01:33:45Z</time>
        <extensions>
          <gpxtpx:TrackPointExtension>
            <gpxtpx:hr>104</gpxtpx:hr>
          </gpxtpx:TrackPointExtension>
        </extensions>
      </trkpt>
      <trkpt lat="30.250178141233604" lon="120.00378284333169">
        <ele>133.0</ele>
        <time>1970-01-01T01:33:49Z</time>
        <extensions>
          <gpxtpx:TrackPointExtension>
            <gpxtpx:hr>103</gpxtpx:hr>
          </gpxtpx:TrackPointExtension>
        </extensions>
      </trkpt>
      <trkpt lat="30.250443009177314" lon="120.0038197261107">
        <ele>133.0</ele>
        <time>1970-01-01T01:33:54Z</time>
        <extensions>
          <gpxtpx:TrackPointExtension>
            <gpxtpx:hr>107</gpxtpx:hr>
          </gpxtpx:TrackPointExtension>
        </extensions>
      </trkpt>
      <trkpt lat="30.25049598697081" lon="120.00382570626056">
        <ele>133.0</ele>
        <time>1970-01-01T01:33:55Z</time>
        <extensions>
          <gpxtpx:TrackPointExtension>
            <gpxtpx:hr>108</gpxtpx:hr>
          </gpxtpx:TrackPointExtension>
        </extensions>
      </trkpt>
      <trkpt lat="30.25065592627583" lon="120.00384165176008">
        <ele>133.1999969482422</ele>
        <time>1970-01-01T01:33:58Z</time>
        <extensions>
          <gpxtpx:TrackPointExtension>
            <gpxtpx:hr>111</gpxtpx:hr>
          </gpxtpx:TrackPointExtension>
        </extensions>
      </trkpt>
      <trkpt lat="30.250897832041225" lon="120.00386656727886">
        <ele>134.0</ele>
        <time>1970-01-01T01:34:03Z</time>
        <extensions>
          <gpxtpx:TrackPointExtension>
            <gpxtpx:hr>114</gpxtpx:hr>
          </gpxtpx:TrackPointExtension>
        </extensions>
      </trkpt>
      <trkpt lat="30.251080760472885" lon="120.00388550315347">
        <ele>134.39999389648438</ele>
        <time>1970-01-01T01:34:07Z</time>
        <extensions>
          <gpxtpx:TrackPointExtension>
            <gpxtpx:hr>117</gpxtpx:hr>
          </gpxtpx:TrackPointExtension>
        </extensions>
      </trkpt>
      <trkpt lat="30.251443596475145" lon="120.00393035720415">
        <ele>135.0</ele>
        <time>1970-01-01T01:34:15Z</time>
        <extensions>
          <gpxtpx:TrackPointExtension>
            <gpxtpx:hr>119</gpxtpx:hr>
          </gpxtpx:TrackPointExtension>
        </extensions>
      </trkpt>
      <trkpt lat="30.251523566085687" lon="120.00393832995985">
        <ele>135.1999969482422</ele>
        <time>1970-01-01T01:34:17Z</time>
        <extensions>
          <gpxtpx:TrackPointExtension>
            <gpxtpx:hr>119</gpxtpx:hr>
          </gpxtpx:TrackPointExtension>
        </extensions>
      </trkpt>
      <trkpt lat="30.251607520346802" lon="120.00395128955337">
        <ele>135.60000610351562</ele>
        <time>1970-01-01T01:34:19Z</time>
        <extensions>
          <gpxtpx:TrackPointExtension>
            <gpxtpx:hr>119</gpxtpx:hr>
          </gpxtpx:TrackPointExtension>
        </extensions>
      </trkpt>
      <trkpt lat="30.25177449806502" lon="120.00395426782772">
        <ele>136.0</ele>
        <time>1970-01-01T01:34:23Z</time>
        <extensions>
          <gpxtpx:TrackPointExtension>
            <gpxtpx:hr>117</gpxtpx:hr>
          </gpxtpx:TrackPointExtension>
        </extensions>
      </trkpt>
      <trkpt lat="30.251812467994007" lon="120.00396324154805">
        <ele>136.1999969482422</ele>
        <time>1970-01-01T01:34:24Z</time>
        <extensions>
          <gpxtpx:TrackPointExtension>
            <gpxtpx:hr>114</gpxtpx:hr>
          </gpxtpx:TrackPointExtension>
        </extensions>
      </trkpt>
      <trkpt lat="30.252070345274348" lon="120.00399713266034">
        <ele>136.60000610351562</ele>
        <time>1970-01-01T01:34:30Z</time>
        <extensions>
          <gpxtpx:TrackPointExtension>
            <gpxtpx:hr>117</gpxtpx:hr>
          </gpxtpx:TrackPointExtension>
        </extensions>
      </trkpt>
      <trkpt lat="30.252203286587278" lon="120.00401308044856">
        <ele>136.39999389648438</ele>
        <time>1970-01-01T01:34:33Z</time>
        <extensions>
          <gpxtpx:TrackPointExtension>
            <gpxtpx:hr>118</gpxtpx:hr>
          </gpxtpx:TrackPointExtension>
        </extensions>
      </trkpt>
      <trkpt lat="30.252712059592774" lon="120.00407487868198">
        <ele>136.0</ele>
        <time>1970-01-01T01:34:43Z</time>
        <extensions>
          <gpxtpx:TrackPointExtension>
            <gpxtpx:hr>119</gpxtpx:hr>
          </gpxtpx:TrackPointExtension>
        </extensions>
      </trkpt>
      <trkpt lat="30.253074757071868" lon="120.00416561486517">
        <ele>135.8000030517578</ele>
        <time>1970-01-01T01:34:50Z</time>
        <extensions>
          <gpxtpx:TrackPointExtension>
            <gpxtpx:hr>118</gpxtpx:hr>
          </gpxtpx:TrackPointExtension>
        </extensions>
      </trkpt>
      <trkpt lat="30.253236650925157" lon="120.00419652178743">
        <ele>135.60000610351562</ele>
        <time>1970-01-01T01:34:53Z</time>
        <extensions>
          <gpxtpx:TrackPointExtension>
            <gpxtpx:hr>119</gpxtpx:hr>
          </gpxtpx:TrackPointExtension>
        </extensions>
      </trkpt>
      <trkpt lat="30.253517496130712" lon="120.00424038539984">
        <ele>135.60000610351562</ele>
        <time>1970-01-01T01:34:58Z</time>
        <extensions>
          <gpxtpx:TrackPointExtension>
            <gpxtpx:hr>119</gpxtpx:hr>
          </gpxtpx:TrackPointExtension>
        </extensions>
      </trkpt>
      <trkpt lat="30.253819345607127" lon="120.00428225238839">
        <ele>135.0</ele>
        <time>1970-01-01T01:35:03Z</time>
        <extensions>
          <gpxtpx:TrackPointExtension>
            <gpxtpx:hr>122</gpxtpx:hr>
          </gpxtpx:TrackPointExtension>
        </extensions>
      </trkpt>
      <trkpt lat="30.254001258809055" lon="120.0043061755959">
        <ele>135.0</ele>
        <time>1970-01-01T01:35:06Z</time>
        <extensions>
          <gpxtpx:TrackPointExtension>
            <gpxtpx:hr>123</gpxtpx:hr>
          </gpxtpx:TrackPointExtension>
        </extensions>
      </trkpt>
      <trkpt lat="30.254236128658942" lon="120.00434306104681">
        <ele>134.60000610351562</ele>
        <time>1970-01-01T01:35:10Z</time>
        <extensions>
          <gpxtpx:TrackPointExtension>
            <gpxtpx:hr>126</gpxtpx:hr>
          </gpxtpx:TrackPointExtension>
        </extensions>
      </trkpt>
      <trkpt lat="30.254462921071475" lon="120.00440588057822">
        <ele>134.60000610351562</ele>
        <time>1970-01-01T01:35:14Z</time>
        <extensions>
          <gpxtpx:TrackPointExtension>
            <gpxtpx:hr>129</gpxtpx:hr>
          </gpxtpx:TrackPointExtension>
        </extensions>
      </trkpt>
      <trkpt lat="30.254971633460706" lon="120.00448762778788">
        <ele>134.39999389648438</ele>
        <time>1970-01-01T01:35:23Z</time>
        <extensions>
          <gpxtpx:TrackPointExtension>
            <gpxtpx:hr>128</gpxtpx:hr>
          </gpxtpx:TrackPointExtension>
        </extensions>
      </trkpt>
      <trkpt lat="30.255082579374637" lon="120.00450258004834">
        <ele>134.39999389648438</ele>
        <time>1970-01-01T01:35:25Z</time>
        <extensions>
          <gpxtpx:TrackPointExtension>
            <gpxtpx:hr>130</gpxtpx:hr>
          </gpxtpx:TrackPointExtension>
        </extensions>
      </trkpt>
      <trkpt lat="30.25539039211461" lon="120.00455641589913">
        <ele>134.60000610351562</ele>
        <time>1970-01-01T01:35:31Z</time>
        <extensions>
          <gpxtpx:TrackPointExtension>
            <gpxtpx:hr>132</gpxtpx:hr>
          </gpxtpx:TrackPointExtension>
        </extensions>
      </trkpt>
      <trkpt lat="30.25544036401088" lon="120.00456439121552">
        <ele>134.60000610351562</ele>
        <time>1970-01-01T01:35:32Z</time>
        <extensions>
          <gpxtpx:TrackPointExtension>
            <gpxtpx:hr>132</gpxtpx:hr>
          </gpxtpx:TrackPointExtension>
        </extensions>
      </trkpt>
      <trkpt lat="30.255599275953568" lon="120.00458931385158">
        <ele>134.8000030517578</ele>
        <time>1970-01-01T01:35:35Z</time>
        <extensions>
          <gpxtpx:TrackPointExtension>
            <gpxtpx:hr>133</gpxtpx:hr>
          </gpxtpx:TrackPointExtension>
        </extensions>
      </trkpt>
      <trkpt lat="30.255739195445898" lon="120.00461224320915">
        <ele>134.8000030517578</ele>
        <time>1970-01-01T01:35:38Z</time>
        <extensions>
          <gpxtpx:TrackPointExtension>
            <gpxtpx:hr>133</gpxtpx:hr>
          </gpxtpx:TrackPointExtension>
        </extensions>
      </trkpt>
      <trkpt lat="30.25600605347544" lon="120.00465211838653">
        <ele>135.1999969482422</ele>
        <time>1970-01-01T01:35:44Z</time>
        <extensions>
          <gpxtpx:TrackPointExtension>
            <gpxtpx:hr>134</gpxtpx:hr>
          </gpxtpx:TrackPointExtension>
        </extensions>
      </trkpt>
      <trkpt lat="30.256421016263165" lon="120.00465308094901">
        <ele>135.0</ele>
        <time>1970-01-01T01:35:53Z</time>
        <extensions>
          <gpxtpx:TrackPointExtension>
            <gpxtpx:hr>136</gpxtpx:hr>
          </gpxtpx:TrackPointExtension>
        </extensions>
      </trkpt>
      <trkpt lat="30.256820755174587" lon="120.00472885284049">
        <ele>135.1999969482422</ele>
        <time>1970-01-01T01:36:02Z</time>
        <extensions>
          <gpxtpx:TrackPointExtension>
            <gpxtpx:hr>136</gpxtpx:hr>
          </gpxtpx:TrackPointExtension>
        </extensions>
      </trkpt>
      <trkpt lat="30.25686672136581" lon="120.00473882338727">
        <ele>135.1999969482422</ele>
        <time>1970-01-01T01:36:03Z</time>
        <extensions>
          <gpxtpx:TrackPointExtension>
            <gpxtpx:hr>136</gpxtpx:hr>
          </gpxtpx:TrackPointExtension>
        </extensions>
      </trkpt>
      <trkpt lat="30.257353509956253" lon="120.00479563662584">
        <ele>134.39999389648438</ele>
        <time>1970-01-01T01:36:13Z</time>
        <extensions>
          <gpxtpx:TrackPointExtension>
            <gpxtpx:hr>134</gpxtpx:hr>
          </gpxtpx:TrackPointExtension>
        </extensions>
      </trkpt>
      <trkpt lat="30.25760132135651" lon="120.00485147253801">
        <ele>134.60000610351562</ele>
        <time>1970-01-01T01:36:18Z</time>
        <extensions>
          <gpxtpx:TrackPointExtension>
            <gpxtpx:hr>131</gpxtpx:hr>
          </gpxtpx:TrackPointExtension>
        </extensions>
      </trkpt>
      <trkpt lat="30.257797185057747" lon="120.00489135376421">
        <ele>134.39999389648438</ele>
        <time>1970-01-01T01:36:22Z</time>
        <extensions>
          <gpxtpx:TrackPointExtension>
            <gpxtpx:hr>133</gpxtpx:hr>
          </gpxtpx:TrackPointExtension>
        </extensions>
      </trkpt>
      <trkpt lat="30.25829787930371" lon="120.00497908664404">
        <ele>134.1999969482422</ele>
        <time>1970-01-01T01:36:32Z</time>
        <extensions>
          <gpxtpx:TrackPointExtension>
            <gpxtpx:hr>134</gpxtpx:hr>
          </gpxtpx:TrackPointExtension>
        </extensions>
      </trkpt>
      <trkpt lat="30.2585417239351" lon="120.00502395109973">
        <ele>134.0</ele>
        <time>1970-01-01T01:36:37Z</time>
        <extensions>
          <gpxtpx:TrackPointExtension>
            <gpxtpx:hr>133</gpxtpx:hr>
          </gpxtpx:TrackPointExtension>
        </extensions>
      </trkpt>
      <trkpt lat="30.25867461684363" lon="120.00505585812903">
        <ele>134.0</ele>
        <time>1970-01-01T01:36:40Z</time>
        <extensions>
          <gpxtpx:TrackPointExtension>
            <gpxtpx:hr>131</gpxtpx:hr>
          </gpxtpx:TrackPointExtension>
        </extensions>
      </trkpt>
      <trkpt lat="30.258810443566567" lon="120.00510970869627">
        <ele>134.0</ele>
        <time>1970-01-01T01:36:44Z</time>
        <extensions>
          <gpxtpx:TrackPointExtension>
            <gpxtpx:hr>129</gpxtpx:hr>
          </gpxtpx:TrackPointExtension>
        </extensions>
      </trkpt>
      <trkpt lat="30.258825370385225" lon="120.00513364611056">
        <ele>133.8000030517578</ele>
        <time>1970-01-01T01:36:45Z</time>
        <extensions>
          <gpxtpx:TrackPointExtension>
            <gpxtpx:hr>129</gpxtpx:hr>
          </gpxtpx:TrackPointExtension>
        </extensions>
      </trkpt>
      <trkpt lat="30.25885027239612" lon="120.00516556225098">
        <ele>133.8000030517578</ele>
        <time>1970-01-01T01:36:47Z</time>
        <extensions>
          <gpxtpx:TrackPointExtension>
            <gpxtpx:hr>128</gpxtpx:hr>
          </gpxtpx:TrackPointExtension>
        </extensions>
      </trkpt>
      <trkpt lat="30.25887822509511" lon="120.00518052157639">
        <ele>133.8000030517578</ele>
        <time>1970-01-01T01:36:49Z</time>
        <extensions>
          <gpxtpx:TrackPointExtension>
            <gpxtpx:hr>129</gpxtpx:hr>
          </gpxtpx:TrackPointExtension>
        </extensions>
      </trkpt>
      <trkpt lat="30.25895218290704" lon="120.00519248470036">
        <ele>133.60000610351562</ele>
        <time>1970-01-01T01:36:52Z</time>
        <extensions>
          <gpxtpx:TrackPointExtension>
            <gpxtpx:hr>132</gpxtpx:hr>
          </gpxtpx:TrackPointExtension>
        </extensions>
      </trkpt>
      <trkpt lat="30.259012174852703" lon="120.00519347710181">
        <ele>133.39999389648438</ele>
        <time>1970-01-01T01:36:54Z</time>
        <extensions>
          <gpxtpx:TrackPointExtension>
            <gpxtpx:hr>131</gpxtpx:hr>
          </gpxtpx:TrackPointExtension>
        </extensions>
      </trkpt>
      <trkpt lat="30.2590412053636" lon="120.00518250276426">
        <ele>133.39999389648438</ele>
        <time>1970-01-01T01:36:55Z</time>
        <extensions>
          <gpxtpx:TrackPointExtension>
            <gpxtpx:hr>132</gpxtpx:hr>
          </gpxtpx:TrackPointExtension>
        </extensions>
      </trkpt>
      <trkpt lat="30.25908431859034" lon="120.00514359878721">
        <ele>133.39999389648438</ele>
        <time>1970-01-01T01:36:57Z</time>
        <extensions>
          <gpxtpx:TrackPointExtension>
            <gpxtpx:hr>129</gpxtpx:hr>
          </gpxtpx:TrackPointExtension>
        </extensions>
      </trkpt>
      <trkpt lat="30.259112367167944" lon="120.00512663986972">
        <ele>133.39999389648438</ele>
        <time>1970-01-01T01:36:58Z</time>
        <extensions>
          <gpxtpx:TrackPointExtension>
            <gpxtpx:hr>130</gpxtpx:hr>
          </gpxtpx:TrackPointExtension>
        </extensions>
      </trkpt>
      <trkpt lat="30.259334636123274" lon="120.00503086654577">
        <ele>133.8000030517578</ele>
        <time>1970-01-01T01:37:05Z</time>
        <extensions>
          <gpxtpx:TrackPointExtension>
            <gpxtpx:hr>127</gpxtpx:hr>
          </gpxtpx:TrackPointExtension>
        </extensions>
      </trkpt>
      <trkpt lat="30.259444599843604" lon="120.00503983429459">
        <ele>133.8000030517578</ele>
        <time>1970-01-01T01:37:08Z</time>
        <extensions>
          <gpxtpx:TrackPointExtension>
            <gpxtpx:hr>123</gpxtpx:hr>
          </gpxtpx:TrackPointExtension>
        </extensions>
      </trkpt>
      <trkpt lat="30.25955553949438" lon="120.00505678151313">
        <ele>133.8000030517578</ele>
        <time>1970-01-01T01:37:11Z</time>
        <extensions>
          <gpxtpx:TrackPointExtension>
            <gpxtpx:hr>121</gpxtpx:hr>
          </gpxtpx:TrackPointExtension>
        </extensions>
      </trkpt>
      <trkpt lat="30.259597511959857" lon="120.0050647575361">
        <ele>133.8000030517578</ele>
        <time>1970-01-01T01:37:12Z</time>
        <extensions>
          <gpxtpx:TrackPointExtension>
            <gpxtpx:hr>121</gpxtpx:hr>
          </gpxtpx:TrackPointExtension>
        </extensions>
      </trkpt>
      <trkpt lat="30.2598363598288" lon="120.00510862500016">
        <ele>134.0</ele>
        <time>1970-01-01T01:37:17Z</time>
        <extensions>
          <gpxtpx:TrackPointExtension>
            <gpxtpx:hr>124</gpxtpx:hr>
          </gpxtpx:TrackPointExtension>
        </extensions>
      </trkpt>
      <trkpt lat="30.259882325956713" lon="120.00511859558007">
        <ele>134.0</ele>
        <time>1970-01-01T01:37:18Z</time>
        <extensions>
          <gpxtpx:TrackPointExtension>
            <gpxtpx:hr>125</gpxtpx:hr>
          </gpxtpx:TrackPointExtension>
        </extensions>
      </trkpt>
      <trkpt lat="30.260022236152302" lon="120.005144517377">
        <ele>134.39999389648438</ele>
        <time>1970-01-01T01:37:21Z</time>
        <extensions>
          <gpxtpx:TrackPointExtension>
            <gpxtpx:hr>128</gpxtpx:hr>
          </gpxtpx:TrackPointExtension>
        </extensions>
      </trkpt>
      <trkpt lat="30.260157167739226" lon="120.00516345748402">
        <ele>134.39999389648438</ele>
        <time>1970-01-01T01:37:24Z</time>
        <extensions>
          <gpxtpx:TrackPointExtension>
            <gpxtpx:hr>131</gpxtpx:hr>
          </gpxtpx:TrackPointExtension>
        </extensions>
      </trkpt>
      <trkpt lat="30.260291066445273" lon="120.00519336957753">
        <ele>135.39999389648438</ele>
        <time>1970-01-01T01:37:27Z</time>
        <extensions>
          <gpxtpx:TrackPointExtension>
            <gpxtpx:hr>131</gpxtpx:hr>
          </gpxtpx:TrackPointExtension>
        </extensions>
      </trkpt>
      <trkpt lat="30.26033003316248" lon="120.00520334075358">
        <ele>135.60000610351562</ele>
        <time>1970-01-01T01:37:28Z</time>
        <extensions>
          <gpxtpx:TrackPointExtension>
            <gpxtpx:hr>130</gpxtpx:hr>
          </gpxtpx:TrackPointExtension>
        </extensions>
      </trkpt>
      <trkpt lat="30.260437993995794" lon="120.0052133061296">
        <ele>136.60000610351562</ele>
        <time>1970-01-01T01:37:31Z</time>
        <extensions>
          <gpxtpx:TrackPointExtension>
            <gpxtpx:hr>131</gpxtpx:hr>
          </gpxtpx:TrackPointExtension>
        </extensions>
      </trkpt>
      <trkpt lat="30.260502940517732" lon="120.00522925979602">
        <ele>137.0</ele>
        <time>1970-01-01T01:37:33Z</time>
        <extensions>
          <gpxtpx:TrackPointExtension>
            <gpxtpx:hr>132</gpxtpx:hr>
          </gpxtpx:TrackPointExtension>
        </extensions>
      </trkpt>
      <trkpt lat="30.260538934449396" lon="120.00523025421519">
        <ele>137.1999969482422</ele>
        <time>1970-01-01T01:37:34Z</time>
        <extensions>
          <gpxtpx:TrackPointExtension>
            <gpxtpx:hr>129</gpxtpx:hr>
          </gpxtpx:TrackPointExtension>
        </extensions>
      </trkpt>
      <trkpt lat="30.2605719106623" lon="120.00523723356146">
        <ele>137.8000030517578</ele>
        <time>1970-01-01T01:37:35Z</time>
        <extensions>
          <gpxtpx:TrackPointExtension>
            <gpxtpx:hr>132</gpxtpx:hr>
          </gpxtpx:TrackPointExtension>
        </extensions>
      </trkpt>
      <trkpt lat="30.260694822270647" lon="120.00526315681549">
        <ele>138.8000030517578</ele>
        <time>1970-01-01T01:37:39Z</time>
        <extensions>
          <gpxtpx:TrackPointExtension>
            <gpxtpx:hr>133</gpxtpx:hr>
          </gpxtpx:TrackPointExtension>
        </extensions>
      </trkpt>
      <trkpt lat="30.260721804985657" lon="120.00526814177604">
        <ele>138.8000030517578</ele>
        <time>1970-01-01T01:37:40Z</time>
        <extensions>
          <gpxtpx:TrackPointExtension>
            <gpxtpx:hr>134</gpxtpx:hr>
          </gpxtpx:TrackPointExtension>
        </extensions>
      </trkpt>
      <trkpt lat="30.26101365719005" lon="120.0053090125253">
        <ele>139.1999969482422</ele>
        <time>1970-01-01T01:37:48Z</time>
        <extensions>
          <gpxtpx:TrackPointExtension>
            <gpxtpx:hr>135</gpxtpx:hr>
          </gpxtpx:TrackPointExtension>
        </extensions>
      </trkpt>
      <trkpt lat="30.261249520148226" lon="120.00534789310423">
        <ele>137.8000030517578</ele>
        <time>1970-01-01T01:37:52Z</time>
        <extensions>
          <gpxtpx:TrackPointExtension>
            <gpxtpx:hr>135</gpxtpx:hr>
          </gpxtpx:TrackPointExtension>
        </extensions>
      </trkpt>
      <trkpt lat="30.261316475464128" lon="120.0053608542812">
        <ele>137.39999389648438</ele>
        <time>1970-01-01T01:37:53Z</time>
        <extensions>
          <gpxtpx:TrackPointExtension>
            <gpxtpx:hr>135</gpxtpx:hr>
          </gpxtpx:TrackPointExtension>
        </extensions>
      </trkpt>
      <trkpt lat="30.26146137616192" lon="120.0053897680567">
        <ele>136.60000610351562</ele>
        <time>1970-01-01T01:37:55Z</time>
        <extensions>
          <gpxtpx:TrackPointExtension>
            <gpxtpx:hr>135</gpxtpx:hr>
          </gpxtpx:TrackPointExtension>
        </extensions>
      </trkpt>
      <trkpt lat="30.26160927958825" lon="120.00541768414018">
        <ele>135.39999389648438</ele>
        <time>1970-01-01T01:37:57Z</time>
        <extensions>
          <gpxtpx:TrackPointExtension>
            <gpxtpx:hr>136</gpxtpx:hr>
          </gpxtpx:TrackPointExtension>
        </extensions>
      </trkpt>
      <trkpt lat="30.261754177276977" lon="120.0054475953788">
        <ele>134.60000610351562</ele>
        <time>1970-01-01T01:37:59Z</time>
        <extensions>
          <gpxtpx:TrackPointExtension>
            <gpxtpx:hr>136</gpxtpx:hr>
          </gpxtpx:TrackPointExtension>
        </extensions>
      </trkpt>
      <trkpt lat="30.26182512624816" lon="120.00546255112737">
        <ele>134.1999969482422</ele>
        <time>1970-01-01T01:38:00Z</time>
        <extensions>
          <gpxtpx:TrackPointExtension>
            <gpxtpx:hr>136</gpxtpx:hr>
          </gpxtpx:TrackPointExtension>
        </extensions>
      </trkpt>
      <trkpt lat="30.26218289476665" lon="120.00552935006033">
        <ele>133.60000610351562</ele>
        <time>1970-01-01T01:38:06Z</time>
        <extensions>
          <gpxtpx:TrackPointExtension>
            <gpxtpx:hr>134</gpxtpx:hr>
          </gpxtpx:TrackPointExtension>
        </extensions>
      </trkpt>
      <trkpt lat="30.26246170899001" lon="120.00558318883877">
        <ele>134.60000610351562</ele>
        <time>1970-01-01T01:38:11Z</time>
        <extensions>
          <gpxtpx:TrackPointExtension>
            <gpxtpx:hr>133</gpxtpx:hr>
          </gpxtpx:TrackPointExtension>
        </extensions>
      </trkpt>
      <trkpt lat="30.26255663790694" lon="120.0056041272841">
        <ele>135.39999389648438</ele>
        <time>1970-01-01T01:38:13Z</time>
        <extensions>
          <gpxtpx:TrackPointExtension>
            <gpxtpx:hr>133</gpxtpx:hr>
          </gpxtpx:TrackPointExtension>
        </extensions>
      </trkpt>
      <trkpt lat="30.26260360689659" lon="120.00561310037625">
        <ele>135.60000610351562</ele>
        <time>1970-01-01T01:38:14Z</time>
        <extensions>
          <gpxtpx:TrackPointExtension>
            <gpxtpx:hr>133</gpxtpx:hr>
          </gpxtpx:TrackPointExtension>
        </extensions>
      </trkpt>
      <trkpt lat="30.262687548734128" lon="120.00563004995415">
        <ele>136.60000610351562</ele>
        <time>1970-01-01T01:38:16Z</time>
        <extensions>
          <gpxtpx:TrackPointExtension>
            <gpxtpx:hr>133</gpxtpx:hr>
          </gpxtpx:TrackPointExtension>
        </extensions>
      </trkpt>
      <trkpt lat="30.262846445152846" lon="120.00565996007542">
        <ele>137.8000030517578</ele>
        <time>1970-01-01T01:38:20Z</time>
        <extensions>
          <gpxtpx:TrackPointExtension>
            <gpxtpx:hr>132</gpxtpx:hr>
          </gpxtpx:TrackPointExtension>
        </extensions>
      </trkpt>
      <trkpt lat="30.26295136720466" lon="120.00568289259533">
        <ele>139.0</ele>
        <time>1970-01-01T01:38:24Z</time>
        <extensions>
          <gpxtpx:TrackPointExtension>
            <gpxtpx:hr>133</gpxtpx:hr>
          </gpxtpx:TrackPointExtension>
        </extensions>
      </trkpt>
      <trkpt lat="30.262958384546952" lon="120.0056769073063">
        <ele>139.0</ele>
        <time>1970-01-01T01:38:25Z</time>
        <extensions>
          <gpxtpx:TrackPointExtension>
            <gpxtpx:hr>133</gpxtpx:hr>
          </gpxtpx:TrackPointExtension>
        </extensions>
      </trkpt>
      <trkpt lat="30.262964363081537" lon="120.00568388895222">
        <ele>139.1999969482422</ele>
        <time>1970-01-01T01:38:27Z</time>
        <extensions>
          <gpxtpx:TrackPointExtension>
            <gpxtpx:hr>133</gpxtpx:hr>
          </gpxtpx:TrackPointExtension>
        </extensions>
      </trkpt>
      <trkpt lat="30.26297934382506" lon="120.00568987239164">
        <ele>139.39999389648438</ele>
        <time>1970-01-01T01:38:28Z</time>
        <extensions>
          <gpxtpx:TrackPointExtension>
            <gpxtpx:hr>133</gpxtpx:hr>
          </gpxtpx:TrackPointExtension>
        </extensions>
      </trkpt>
      <trkpt lat="30.26304530217815" lon="120.00570183624413">
        <ele>139.0</ele>
        <time>1970-01-01T01:38:34Z</time>
        <extensions>
          <gpxtpx:TrackPointExtension>
            <gpxtpx:hr>133</gpxtpx:hr>
          </gpxtpx:TrackPointExtension>
        </extensions>
      </trkpt>
      <trkpt lat="30.263076278536587" lon="120.00570881578942">
        <ele>138.8000030517578</ele>
        <time>1970-01-01T01:38:37Z</time>
        <extensions>
          <gpxtpx:TrackPointExtension>
            <gpxtpx:hr>130</gpxtpx:hr>
          </gpxtpx:TrackPointExtension>
        </extensions>
      </trkpt>
      <trkpt lat="30.263081266134538" lon="120.00571280517043">
        <ele>138.1999969482422</ele>
        <time>1970-01-01T01:38:42Z</time>
        <extensions>
          <gpxtpx:TrackPointExtension>
            <gpxtpx:hr>129</gpxtpx:hr>
          </gpxtpx:TrackPointExtension>
        </extensions>
      </trkpt>
      <trkpt lat="30.263082266047437" lon="120.00571280508633">
        <ele>137.8000030517578</ele>
        <time>1970-01-01T01:38:44Z</time>
        <extensions>
          <gpxtpx:TrackPointExtension>
            <gpxtpx:hr>128</gpxtpx:hr>
          </gpxtpx:TrackPointExtension>
        </extensions>
      </trkpt>
      <trkpt lat="30.263081266134538" lon="120.00571280517043">
        <ele>137.0</ele>
        <time>1970-01-01T01:38:50Z</time>
        <extensions>
          <gpxtpx:TrackPointExtension>
            <gpxtpx:hr>125</gpxtpx:hr>
          </gpxtpx:TrackPointExtension>
        </extensions>
      </trkpt>
      <trkpt lat="30.263081266134538" lon="120.00571280517043">
        <ele>136.8000030517578</ele>
        <time>1970-01-01T01:38:51Z</time>
        <extensions>
          <gpxtpx:TrackPointExtension>
            <gpxtpx:hr>125</gpxtpx:hr>
          </gpxtpx:TrackPointExtension>
        </extensions>
      </trkpt>
      <trkpt lat="30.263085244845012" lon="120.005719786987">
        <ele>135.8000030517578</ele>
        <time>1970-01-01T01:38:56Z</time>
        <extensions>
          <gpxtpx:TrackPointExtension>
            <gpxtpx:hr>126</gpxtpx:hr>
          </gpxtpx:TrackPointExtension>
        </extensions>
      </trkpt>
      <trkpt lat="30.2630912323562" lon="120.00572377628434">
        <ele>135.0</ele>
        <time>1970-01-01T01:38:58Z</time>
        <extensions>
          <gpxtpx:TrackPointExtension>
            <gpxtpx:hr>126</gpxtpx:hr>
          </gpxtpx:TrackPointExtension>
        </extensions>
      </trkpt>
      <trkpt lat="30.263109230788093" lon="120.00572377477064">
        <ele>134.39999389648438</ele>
        <time>1970-01-01T01:39:00Z</time>
        <extensions>
          <gpxtpx:TrackPointExtension>
            <gpxtpx:hr>126</gpxtpx:hr>
          </gpxtpx:TrackPointExtension>
        </extensions>
      </trkpt>
      <trkpt lat="30.26313720740793" lon="120.0057307545697">
        <ele>133.39999389648438</ele>
        <time>1970-01-01T01:39:04Z</time>
        <extensions>
          <gpxtpx:TrackPointExtension>
            <gpxtpx:hr>128</gpxtpx:hr>
          </gpxtpx:TrackPointExtension>
        </extensions>
      </trkpt>
      <trkpt lat="30.263159190533425" lon="120.00573573997256">
        <ele>133.0</ele>
        <time>1970-01-01T01:39:05Z</time>
        <extensions>
          <gpxtpx:TrackPointExtension>
            <gpxtpx:hr>128</gpxtpx:hr>
          </gpxtpx:TrackPointExtension>
        </extensions>
      </trkpt>
      <trkpt lat="30.263229142551705" lon="120.00574969839543">
        <ele>132.39999389648438</ele>
        <time>1970-01-01T01:39:08Z</time>
        <extensions>
          <gpxtpx:TrackPointExtension>
            <gpxtpx:hr>128</gpxtpx:hr>
          </gpxtpx:TrackPointExtension>
        </extensions>
      </trkpt>
      <trkpt lat="30.263298103629126" lon="120.00576066455167">
        <ele>131.8000030517578</ele>
        <time>1970-01-01T01:39:10Z</time>
        <extensions>
          <gpxtpx:TrackPointExtension>
            <gpxtpx:hr>128</gpxtpx:hr>
          </gpxtpx:TrackPointExtension>
        </extensions>
      </trkpt>
      <trkpt lat="30.263446000975982" lon="120.00579057563552">
        <ele>130.8000030517578</ele>
        <time>1970-01-01T01:39:13Z</time>
        <extensions>
          <gpxtpx:TrackPointExtension>
            <gpxtpx:hr>126</gpxtpx:hr>
          </gpxtpx:TrackPointExtension>
        </extensions>
      </trkpt>
      <trkpt lat="30.263563942809355" lon="120.00580652493169">
        <ele>129.8000030517578</ele>
        <time>1970-01-01T01:39:15Z</time>
        <extensions>
          <gpxtpx:TrackPointExtension>
            <gpxtpx:hr>125</gpxtpx:hr>
          </gpxtpx:TrackPointExtension>
        </extensions>
      </trkpt>
      <trkpt lat="30.263694865553774" lon="120.00582845784594">
        <ele>128.1999969482422</ele>
        <time>1970-01-01T01:39:17Z</time>
        <extensions>
          <gpxtpx:TrackPointExtension>
            <gpxtpx:hr>123</gpxtpx:hr>
          </gpxtpx:TrackPointExtension>
        </extensions>
      </trkpt>
      <trkpt lat="30.26384077501468" lon="120.00585437931036">
        <ele>126.5999984741211</ele>
        <time>1970-01-01T01:39:19Z</time>
        <extensions>
          <gpxtpx:TrackPointExtension>
            <gpxtpx:hr>121</gpxtpx:hr>
          </gpxtpx:TrackPointExtension>
        </extensions>
      </trkpt>
      <trkpt lat="30.26399868640418" lon="120.00587930232005">
        <ele>125.19999694824219</ele>
        <time>1970-01-01T01:39:21Z</time>
        <extensions>
          <gpxtpx:TrackPointExtension>
            <gpxtpx:hr>119</gpxtpx:hr>
          </gpxtpx:TrackPointExtension>
        </extensions>
      </trkpt>
      <trkpt lat="30.264078637521674" lon="120.00589325992128">
        <ele>124.4000015258789</ele>
        <time>1970-01-01T01:39:22Z</time>
        <extensions>
          <gpxtpx:TrackPointExtension>
            <gpxtpx:hr>116</gpxtpx:hr>
          </gpxtpx:TrackPointExtension>
        </extensions>
      </trkpt>
      <trkpt lat="30.264158588636477" lon="120.00590721752438">
        <ele>123.80000305175781</ele>
        <time>1970-01-01T01:39:23Z</time>
        <extensions>
          <gpxtpx:TrackPointExtension>
            <gpxtpx:hr>115</gpxtpx:hr>
          </gpxtpx:TrackPointExtension>
        </extensions>
      </trkpt>
      <trkpt lat="30.26430650088249" lon="120.00593214138785">
        <ele>122.5999984741211</ele>
        <time>1970-01-01T01:39:25Z</time>
        <extensions>
          <gpxtpx:TrackPointExtension>
            <gpxtpx:hr>113</gpxtpx:hr>
          </gpxtpx:TrackPointExtension>
        </extensions>
      </trkpt>
      <trkpt lat="30.264565304693175" lon="120.00598997186954">
        <ele>121.5999984741211</ele>
        <time>1970-01-01T01:39:29Z</time>
        <extensions>
          <gpxtpx:TrackPointExtension>
            <gpxtpx:hr>112</gpxtpx:hr>
          </gpxtpx:TrackPointExtension>
        </extensions>
      </trkpt>
      <trkpt lat="30.26462426063383" lon="120.00600293379883">
        <ele>121.80000305175781</ele>
        <time>1970-01-01T01:39:30Z</time>
        <extensions>
          <gpxtpx:TrackPointExtension>
            <gpxtpx:hr>112</gpxtpx:hr>
          </gpxtpx:TrackPointExtension>
        </extensions>
      </trkpt>
      <trkpt lat="30.264892099492222" lon="120.0060487941187">
        <ele>123.0</ele>
        <time>1970-01-01T01:39:35Z</time>
        <extensions>
          <gpxtpx:TrackPointExtension>
            <gpxtpx:hr>113</gpxtpx:hr>
          </gpxtpx:TrackPointExtension>
        </extensions>
      </trkpt>
      <trkpt lat="30.265185909123698" lon="120.0061036293605">
        <ele>123.80000305175781</ele>
        <time>1970-01-01T01:39:41Z</time>
        <extensions>
          <gpxtpx:TrackPointExtension>
            <gpxtpx:hr>113</gpxtpx:hr>
          </gpxtpx:TrackPointExtension>
        </extensions>
      </trkpt>
      <trkpt lat="30.26523187516813" lon="120.00611360003468">
        <ele>123.80000305175781</ele>
        <time>1970-01-01T01:39:42Z</time>
        <extensions>
          <gpxtpx:TrackPointExtension>
            <gpxtpx:hr>113</gpxtpx:hr>
          </gpxtpx:TrackPointExtension>
        </extensions>
      </trkpt>
      <trkpt lat="30.265689470043558" lon="120.00623525102091">
        <ele>124.0</ele>
        <time>1970-01-01T01:39:52Z</time>
        <extensions>
          <gpxtpx:TrackPointExtension>
            <gpxtpx:hr>112</gpxtpx:hr>
          </gpxtpx:TrackPointExtension>
        </extensions>
      </trkpt>
      <trkpt lat="30.265837247811966" lon="120.00630506049082">
        <ele>124.0</ele>
        <time>1970-01-01T01:39:55Z</time>
        <extensions>
          <gpxtpx:TrackPointExtension>
            <gpxtpx:hr>115</gpxtpx:hr>
          </gpxtpx:TrackPointExtension>
        </extensions>
      </trkpt>
      <trkpt lat="30.266038892420568" lon="120.00641775613296">
        <ele>124.0</ele>
        <time>1970-01-01T01:39:59Z</time>
        <extensions>
          <gpxtpx:TrackPointExtension>
            <gpxtpx:hr>118</gpxtpx:hr>
          </gpxtpx:TrackPointExtension>
        </extensions>
      </trkpt>
      <trkpt lat="30.26614070720723" lon="120.00647659756521">
        <ele>124.0</ele>
        <time>1970-01-01T01:40:01Z</time>
        <extensions>
          <gpxtpx:TrackPointExtension>
            <gpxtpx:hr>119</gpxtpx:hr>
          </gpxtpx:TrackPointExtension>
        </extensions>
      </trkpt>
      <trkpt lat="30.26657721457679" lon="120.00662817456359">
        <ele>124.19999694824219</ele>
        <time>1970-01-01T01:40:09Z</time>
        <extensions>
          <gpxtpx:TrackPointExtension>
            <gpxtpx:hr>119</gpxtpx:hr>
          </gpxtpx:TrackPointExtension>
        </extensions>
      </trkpt>
      <trkpt lat="30.266901997513212" lon="120.00669098720748">
        <ele>124.80000305175781</ele>
        <time>1970-01-01T01:40:15Z</time>
        <extensions>
          <gpxtpx:TrackPointExtension>
            <gpxtpx:hr>119</gpxtpx:hr>
          </gpxtpx:TrackPointExtension>
        </extensions>
      </trkpt>
      <trkpt lat="30.26710785970771" lon="120.0067308683021">
        <ele>124.80000305175781</ele>
        <time>1970-01-01T01:40:19Z</time>
        <extensions>
          <gpxtpx:TrackPointExtension>
            <gpxtpx:hr>121</gpxtpx:hr>
          </gpxtpx:TrackPointExtension>
        </extensions>
      </trkpt>
      <trkpt lat="30.267471636088214" lon="120.00679467519413">
        <ele>125.19999694824219</ele>
        <time>1970-01-01T01:40:26Z</time>
        <extensions>
          <gpxtpx:TrackPointExtension>
            <gpxtpx:hr>124</gpxtpx:hr>
          </gpxtpx:TrackPointExtension>
        </extensions>
      </trkpt>
      <trkpt lat="30.26763850772398" lon="120.00683256468992">
        <ele>125.4000015258789</ele>
        <time>1970-01-01T01:40:29Z</time>
        <extensions>
          <gpxtpx:TrackPointExtension>
            <gpxtpx:hr>125</gpxtpx:hr>
          </gpxtpx:TrackPointExtension>
        </extensions>
      </trkpt>
      <trkpt lat="30.267803406364436" lon="120.00686147720842">
        <ele>125.4000015258789</ele>
        <time>1970-01-01T01:40:32Z</time>
        <extensions>
          <gpxtpx:TrackPointExtension>
            <gpxtpx:hr>128</gpxtpx:hr>
          </gpxtpx:TrackPointExtension>
        </extensions>
      </trkpt>
      <trkpt lat="30.268075229730858" lon="120.00691232491228">
        <ele>125.80000305175781</ele>
        <time>1970-01-01T01:40:37Z</time>
        <extensions>
          <gpxtpx:TrackPointExtension>
            <gpxtpx:hr>130</gpxtpx:hr>
          </gpxtpx:TrackPointExtension>
        </extensions>
      </trkpt>
      <trkpt lat="30.268308080451053" lon="120.00695519621871">
        <ele>126.0</ele>
        <time>1970-01-01T01:40:41Z</time>
        <extensions>
          <gpxtpx:TrackPointExtension>
            <gpxtpx:hr>132</gpxtpx:hr>
          </gpxtpx:TrackPointExtension>
        </extensions>
      </trkpt>
      <trkpt lat="30.268710796504656" lon="120.00703795179949">
        <ele>126.19999694824219</ele>
        <time>1970-01-01T01:40:48Z</time>
        <extensions>
          <gpxtpx:TrackPointExtension>
            <gpxtpx:hr>136</gpxtpx:hr>
          </gpxtpx:TrackPointExtension>
        </extensions>
      </trkpt>
      <trkpt lat="30.26876576170417" lon="120.007047921814">
        <ele>126.19999694824219</ele>
        <time>1970-01-01T01:40:49Z</time>
        <extensions>
          <gpxtpx:TrackPointExtension>
            <gpxtpx:hr>137</gpxtpx:hr>
          </gpxtpx:TrackPointExtension>
        </extensions>
      </trkpt>
      <trkpt lat="30.268987622308334" lon="120.00708780171452">
        <ele>126.4000015258789</ele>
        <time>1970-01-01T01:40:53Z</time>
        <extensions>
          <gpxtpx:TrackPointExtension>
            <gpxtpx:hr>140</gpxtpx:hr>
          </gpxtpx:TrackPointExtension>
        </extensions>
      </trkpt>
      <trkpt lat="30.269376369339653" lon="120.00716058393658">
        <ele>126.19999694824219</ele>
        <time>1970-01-01T01:41:00Z</time>
        <extensions>
          <gpxtpx:TrackPointExtension>
            <gpxtpx:hr>141</gpxtpx:hr>
          </gpxtpx:TrackPointExtension>
        </extensions>
      </trkpt>
      <trkpt lat="30.269880099805246" lon="120.00723535147145">
        <ele>126.5999984741211</ele>
        <time>1970-01-01T01:41:09Z</time>
        <extensions>
          <gpxtpx:TrackPointExtension>
            <gpxtpx:hr>142</gpxtpx:hr>
          </gpxtpx:TrackPointExtension>
        </extensions>
      </trkpt>
      <trkpt lat="30.27001713783483" lon="120.00721838301496">
        <ele>126.4000015258789</ele>
        <time>1970-01-01T01:41:13Z</time>
        <extensions>
          <gpxtpx:TrackPointExtension>
            <gpxtpx:hr>143</gpxtpx:hr>
          </gpxtpx:TrackPointExtension>
        </extensions>
      </trkpt>
      <trkpt lat="30.270116462285312" lon="120.00710665853975">
        <ele>126.4000015258789</ele>
        <time>1970-01-01T01:41:18Z</time>
        <extensions>
          <gpxtpx:TrackPointExtension>
            <gpxtpx:hr>142</gpxtpx:hr>
          </gpxtpx:TrackPointExtension>
        </extensions>
      </trkpt>
      <trkpt lat="30.270168283071815" lon="120.00683035688633">
        <ele>126.5999984741211</ele>
        <time>1970-01-01T01:41:25Z</time>
        <extensions>
          <gpxtpx:TrackPointExtension>
            <gpxtpx:hr>141</gpxtpx:hr>
          </gpxtpx:TrackPointExtension>
        </extensions>
      </trkpt>
      <trkpt lat="30.270180063513898" lon="120.00656902132305">
        <ele>126.5999984741211</ele>
        <time>1970-01-01T01:41:31Z</time>
        <extensions>
          <gpxtpx:TrackPointExtension>
            <gpxtpx:hr>138</gpxtpx:hr>
          </gpxtpx:TrackPointExtension>
        </extensions>
      </trkpt>
      <trkpt lat="30.270177210011664" lon="120.00652014609545">
        <ele>126.5999984741211</ele>
        <time>1970-01-01T01:41:32Z</time>
        <extensions>
          <gpxtpx:TrackPointExtension>
            <gpxtpx:hr>136</gpxtpx:hr>
          </gpxtpx:TrackPointExtension>
        </extensions>
      </trkpt>
      <trkpt lat="30.270165509596943" lon="120.00642040130673">
        <ele>126.5999984741211</ele>
        <time>1970-01-01T01:41:34Z</time>
        <extensions>
          <gpxtpx:TrackPointExtension>
            <gpxtpx:hr>133</gpxtpx:hr>
          </gpxtpx:TrackPointExtension>
        </extensions>
      </trkpt>
      <trkpt lat="30.270155815062793" lon="120.00631866154244">
        <ele>126.5999984741211</ele>
        <time>1970-01-01T01:41:36Z</time>
        <extensions>
          <gpxtpx:TrackPointExtension>
            <gpxtpx:hr>134</gpxtpx:hr>
          </gpxtpx:TrackPointExtension>
        </extensions>
      </trkpt>
      <trkpt lat="30.27013425018328" lon="120.00617403232724">
        <ele>126.4000015258789</ele>
        <time>1970-01-01T01:41:39Z</time>
        <extensions>
          <gpxtpx:TrackPointExtension>
            <gpxtpx:hr>135</gpxtpx:hr>
          </gpxtpx:TrackPointExtension>
        </extensions>
      </trkpt>
      <trkpt lat="30.270066452254987" lon="120.00577505699665">
        <ele>126.5999984741211</ele>
        <time>1970-01-01T01:41:47Z</time>
        <extensions>
          <gpxtpx:TrackPointExtension>
            <gpxtpx:hr>137</gpxtpx:hr>
          </gpxtpx:TrackPointExtension>
        </extensions>
      </trkpt>
      <trkpt lat="30.270010615685173" lon="120.00538904905787">
        <ele>126.5999984741211</ele>
        <time>1970-01-01T01:41:55Z</time>
        <extensions>
          <gpxtpx:TrackPointExtension>
            <gpxtpx:hr>140</gpxtpx:hr>
          </gpxtpx:TrackPointExtension>
        </extensions>
      </trkpt>
      <trkpt lat="30.270003763063322" lon="120.00534017475286">
        <ele>126.5999984741211</ele>
        <time>1970-01-01T01:41:56Z</time>
        <extensions>
          <gpxtpx:TrackPointExtension>
            <gpxtpx:hr>140</gpxtpx:hr>
          </gpxtpx:TrackPointExtension>
        </extensions>
      </trkpt>
      <trkpt lat="30.269919404343916" lon="120.00479657499135">
        <ele>126.5999984741211</ele>
        <time>1970-01-01T01:42:07Z</time>
        <extensions>
          <gpxtpx:TrackPointExtension>
            <gpxtpx:hr>139</gpxtpx:hr>
          </gpxtpx:TrackPointExtension>
        </extensions>
      </trkpt>
      <trkpt lat="30.269839008554445" lon="120.00426594425012">
        <ele>126.4000015258789</ele>
        <time>1970-01-01T01:42:17Z</time>
        <extensions>
          <gpxtpx:TrackPointExtension>
            <gpxtpx:hr>140</gpxtpx:hr>
          </gpxtpx:TrackPointExtension>
        </extensions>
      </trkpt>
      <trkpt lat="30.26980498221821" lon="120.00394377552767">
        <ele>126.19999694824219</ele>
        <time>1970-01-01T01:42:23Z</time>
        <extensions>
          <gpxtpx:TrackPointExtension>
            <gpxtpx:hr>136</gpxtpx:hr>
          </gpxtpx:TrackPointExtension>
        </extensions>
      </trkpt>
      <trkpt lat="30.269790338313573" lon="120.00382607961565">
        <ele>126.0</ele>
        <time>1970-01-01T01:42:25Z</time>
        <extensions>
          <gpxtpx:TrackPointExtension>
            <gpxtpx:hr>133</gpxtpx:hr>
          </gpxtpx:TrackPointExtension>
        </extensions>
      </trkpt>
      <trkpt lat="30.269779540775154" lon="120.00375925253479">
        <ele>126.0</ele>
        <time>1970-01-01T01:42:26Z</time>
        <extensions>
          <gpxtpx:TrackPointExtension>
            <gpxtpx:hr>132</gpxtpx:hr>
          </gpxtpx:TrackPointExtension>
        </extensions>
      </trkpt>
      <trkpt lat="30.26969498980261" lon="120.00328149042974">
        <ele>125.4000015258789</ele>
        <time>1970-01-01T01:42:34Z</time>
        <extensions>
          <gpxtpx:TrackPointExtension>
            <gpxtpx:hr>130</gpxtpx:hr>
          </gpxtpx:TrackPointExtension>
        </extensions>
      </trkpt>
      <trkpt lat="30.269654132000362" lon="120.00290446636632">
        <ele>125.4000015258789</ele>
        <time>1970-01-01T01:42:41Z</time>
        <extensions>
          <gpxtpx:TrackPointExtension>
            <gpxtpx:hr>129</gpxtpx:hr>
          </gpxtpx:TrackPointExtension>
        </extensions>
      </trkpt>
      <trkpt lat="30.26962263211728" lon="120.00273989384554">
        <ele>125.4000015258789</ele>
        <time>1970-01-01T01:42:44Z</time>
        <extensions>
          <gpxtpx:TrackPointExtension>
            <gpxtpx:hr>130</gpxtpx:hr>
          </gpxtpx:TrackPointExtension>
        </extensions>
      </trkpt>
      <trkpt lat="30.269606164190492" lon="120.00256434859558">
        <ele>125.4000015258789</ele>
        <time>1970-01-01T01:42:47Z</time>
        <extensions>
          <gpxtpx:TrackPointExtension>
            <gpxtpx:hr>130</gpxtpx:hr>
          </gpxtpx:TrackPointExtension>
        </extensions>
      </trkpt>
      <trkpt lat="30.26952905684336" lon="120.00194096673246">
        <ele>125.19999694824219</ele>
        <time>1970-01-01T01:42:58Z</time>
        <extensions>
          <gpxtpx:TrackPointExtension>
            <gpxtpx:hr>130</gpxtpx:hr>
          </gpxtpx:TrackPointExtension>
        </extensions>
      </trkpt>
      <trkpt lat="30.26948733202757" lon="120.0015210572545">
        <ele>124.80000305175781</ele>
        <time>1970-01-01T01:43:05Z</time>
        <extensions>
          <gpxtpx:TrackPointExtension>
            <gpxtpx:hr>130</gpxtpx:hr>
          </gpxtpx:TrackPointExtension>
        </extensions>
      </trkpt>
      <trkpt lat="30.269505490484207" lon="120.00146819265012">
        <ele>124.80000305175781</ele>
        <time>1970-01-01T01:43:06Z</time>
        <extensions>
          <gpxtpx:TrackPointExtension>
            <gpxtpx:hr>130</gpxtpx:hr>
          </gpxtpx:TrackPointExtension>
        </extensions>
      </trkpt>
      <trkpt lat="30.269534599608363" lon="120.00143128580096">
        <ele>124.80000305175781</ele>
        <time>1970-01-01T01:43:07Z</time>
        <extensions>
          <gpxtpx:TrackPointExtension>
            <gpxtpx:hr>130</gpxtpx:hr>
          </gpxtpx:TrackPointExtension>
        </extensions>
      </trkpt>
      <trkpt lat="30.26960974380258" lon="120.00138140868526">
        <ele>124.80000305175781</ele>
        <time>1970-01-01T01:43:09Z</time>
        <extensions>
          <gpxtpx:TrackPointExtension>
            <gpxtpx:hr>130</gpxtpx:hr>
          </gpxtpx:TrackPointExtension>
        </extensions>
      </trkpt>
      <trkpt lat="30.26969480248368" lon="120.00135945839119">
        <ele>124.80000305175781</ele>
        <time>1970-01-01T01:43:11Z</time>
        <extensions>
          <gpxtpx:TrackPointExtension>
            <gpxtpx:hr>130</gpxtpx:hr>
          </gpxtpx:TrackPointExtension>
        </extensions>
      </trkpt>
      <trkpt lat="30.26977885521062" lon="120.00133950301583">
        <ele>125.0</ele>
        <time>1970-01-01T01:43:13Z</time>
        <extensions>
          <gpxtpx:TrackPointExtension>
            <gpxtpx:hr>129</gpxtpx:hr>
          </gpxtpx:TrackPointExtension>
        </extensions>
      </trkpt>
      <trkpt lat="30.27006804321339" lon="120.00126866222507">
        <ele>126.19999694824219</ele>
        <time>1970-01-01T01:43:21Z</time>
        <extensions>
          <gpxtpx:TrackPointExtension>
            <gpxtpx:hr>132</gpxtpx:hr>
          </gpxtpx:TrackPointExtension>
        </extensions>
      </trkpt>
      <trkpt lat="30.270105070030677" lon="120.00125868496242">
        <ele>126.19999694824219</ele>
        <time>1970-01-01T01:43:22Z</time>
        <extensions>
          <gpxtpx:TrackPointExtension>
            <gpxtpx:hr>135</gpxtpx:hr>
          </gpxtpx:TrackPointExtension>
        </extensions>
      </trkpt>
      <trkpt lat="30.270537317344647" lon="120.00116389423465">
        <ele>126.19999694824219</ele>
        <time>1970-01-01T01:43:33Z</time>
        <extensions>
          <gpxtpx:TrackPointExtension>
            <gpxtpx:hr>136</gpxtpx:hr>
          </gpxtpx:TrackPointExtension>
        </extensions>
      </trkpt>
      <trkpt lat="30.270955511454634" lon="120.00108705819433">
        <ele>125.80000305175781</ele>
        <time>1970-01-01T01:43:42Z</time>
        <extensions>
          <gpxtpx:TrackPointExtension>
            <gpxtpx:hr>135</gpxtpx:hr>
          </gpxtpx:TrackPointExtension>
        </extensions>
      </trkpt>
      <trkpt lat="30.271201673062833" lon="120.00102619525983">
        <ele>125.4000015258789</ele>
        <time>1970-01-01T01:43:47Z</time>
        <extensions>
          <gpxtpx:TrackPointExtension>
            <gpxtpx:hr>132</gpxtpx:hr>
          </gpxtpx:TrackPointExtension>
        </extensions>
      </trkpt>
      <trkpt lat="30.271251710749077" lon="120.00101222726293">
        <ele>125.4000015258789</ele>
        <time>1970-01-01T01:43:48Z</time>
        <extensions>
          <gpxtpx:TrackPointExtension>
            <gpxtpx:hr>131</gpxtpx:hr>
          </gpxtpx:TrackPointExtension>
        </extensions>
      </trkpt>
      <trkpt lat="30.271728138183416" lon="120.0008565907576">
        <ele>124.80000305175781</ele>
        <time>1970-01-01T01:43:58Z</time>
        <extensions>
          <gpxtpx:TrackPointExtension>
            <gpxtpx:hr>129</gpxtpx:hr>
          </gpxtpx:TrackPointExtension>
        </extensions>
      </trkpt>
      <trkpt lat="30.27182320190977" lon="120.00083264486328">
        <ele>124.80000305175781</ele>
        <time>1970-01-01T01:44:00Z</time>
        <extensions>
          <gpxtpx:TrackPointExtension>
            <gpxtpx:hr>128</gpxtpx:hr>
          </gpxtpx:TrackPointExtension>
        </extensions>
      </trkpt>
      <trkpt lat="30.27213241199561" lon="120.00075382329459">
        <ele>124.5999984741211</ele>
        <time>1970-01-01T01:44:07Z</time>
        <extensions>
          <gpxtpx:TrackPointExtension>
            <gpxtpx:hr>127</gpxtpx:hr>
          </gpxtpx:TrackPointExtension>
        </extensions>
      </trkpt>
      <trkpt lat="30.272175441247327" lon="120.00074284814424">
        <ele>124.5999984741211</ele>
        <time>1970-01-01T01:44:08Z</time>
        <extensions>
          <gpxtpx:TrackPointExtension>
            <gpxtpx:hr>127</gpxtpx:hr>
          </gpxtpx:TrackPointExtension>
        </extensions>
      </trkpt>
      <trkpt lat="30.272465601645948" lon="120.00068098421714">
        <ele>124.4000015258789</ele>
        <time>1970-01-01T01:44:15Z</time>
        <extensions>
          <gpxtpx:TrackPointExtension>
            <gpxtpx:hr>127</gpxtpx:hr>
          </gpxtpx:TrackPointExtension>
        </extensions>
      </trkpt>
      <trkpt lat="30.272798824517842" lon="120.00059717363743">
        <ele>124.4000015258789</ele>
        <time>1970-01-01T01:44:23Z</time>
        <extensions>
          <gpxtpx:TrackPointExtension>
            <gpxtpx:hr>125</gpxtpx:hr>
          </gpxtpx:TrackPointExtension>
        </extensions>
      </trkpt>
      <trkpt lat="30.27300594725486" lon="120.00055027790194">
        <ele>124.4000015258789</ele>
        <time>1970-01-01T01:44:29Z</time>
        <extensions>
          <gpxtpx:TrackPointExtension>
            <gpxtpx:hr>124</gpxtpx:hr>
          </gpxtpx:TrackPointExtension>
        </extensions>
      </trkpt>
      <trkpt lat="30.273207149202232" lon="120.0004774499882">
        <ele>124.0</ele>
        <time>1970-01-01T01:44:35Z</time>
        <extensions>
          <gpxtpx:TrackPointExtension>
            <gpxtpx:hr>124</gpxtpx:hr>
          </gpxtpx:TrackPointExtension>
        </extensions>
      </trkpt>
      <trkpt lat="30.273452244111915" lon="120.00043853037832">
        <ele>124.19999694824219</ele>
        <time>1970-01-01T01:44:41Z</time>
        <extensions>
          <gpxtpx:TrackPointExtension>
            <gpxtpx:hr>124</gpxtpx:hr>
          </gpxtpx:TrackPointExtension>
        </extensions>
      </trkpt>
      <trkpt lat="30.27356830578372" lon="120.00041458277305">
        <ele>124.19999694824219</ele>
        <time>1970-01-01T01:44:44Z</time>
        <extensions>
          <gpxtpx:TrackPointExtension>
            <gpxtpx:hr>127</gpxtpx:hr>
          </gpxtpx:TrackPointExtension>
        </extensions>
      </trkpt>
      <trkpt lat="30.27367938305126" lon="120.00038564853669">
        <ele>124.19999694824219</ele>
        <time>1970-01-01T01:44:47Z</time>
        <extensions>
          <gpxtpx:TrackPointExtension>
            <gpxtpx:hr>130</gpxtpx:hr>
          </gpxtpx:TrackPointExtension>
        </extensions>
      </trkpt>
      <trkpt lat="30.273713397993856" lon="120.0003796612168">
        <ele>124.19999694824219</ele>
        <time>1970-01-01T01:44:48Z</time>
        <extensions>
          <gpxtpx:TrackPointExtension>
            <gpxtpx:hr>130</gpxtpx:hr>
          </gpxtpx:TrackPointExtension>
        </extensions>
      </trkpt>
      <trkpt lat="30.273948539172903" lon="120.00032578130849">
        <ele>124.0</ele>
        <time>1970-01-01T01:44:56Z</time>
        <extensions>
          <gpxtpx:TrackPointExtension>
            <gpxtpx:hr>131</gpxtpx:hr>
          </gpxtpx:TrackPointExtension>
        </extensions>
      </trkpt>
      <trkpt lat="30.273961556099668" lon="120.000319795754">
        <ele>123.80000305175781</ele>
        <time>1970-01-01T01:45:00Z</time>
        <extensions>
          <gpxtpx:TrackPointExtension>
            <gpxtpx:hr>130</gpxtpx:hr>
          </gpxtpx:TrackPointExtension>
        </extensions>
      </trkpt>
      <trkpt lat="30.273960556194385" lon="120.00031979583798">
        <ele>123.80000305175781</ele>
        <time>1970-01-01T01:45:02Z</time>
        <extensions>
          <gpxtpx:TrackPointExtension>
            <gpxtpx:hr>130</gpxtpx:hr>
          </gpxtpx:TrackPointExtension>
        </extensions>
      </trkpt>
      <trkpt lat="30.273961556099668" lon="120.000319795754">
        <ele>123.4000015258789</ele>
        <time>1970-01-01T01:45:06Z</time>
        <extensions>
          <gpxtpx:TrackPointExtension>
            <gpxtpx:hr>127</gpxtpx:hr>
          </gpxtpx:TrackPointExtension>
        </extensions>
      </trkpt>
      <trkpt lat="30.27396355893659" lon="120.0003187981756">
        <ele>123.0</ele>
        <time>1970-01-01T01:45:08Z</time>
        <extensions>
          <gpxtpx:TrackPointExtension>
            <gpxtpx:hr>123</gpxtpx:hr>
          </gpxtpx:TrackPointExtension>
        </extensions>
      </trkpt>
      <trkpt lat="30.27397256716318" lon="120.00031580518848">
        <ele>122.80000305175781</ele>
        <time>1970-01-01T01:45:09Z</time>
        <extensions>
          <gpxtpx:TrackPointExtension>
            <gpxtpx:hr>122</gpxtpx:hr>
          </gpxtpx:TrackPointExtension>
        </extensions>
      </trkpt>
      <trkpt lat="30.274009593921782" lon="120.0003058279772">
        <ele>122.4000015258789</ele>
        <time>1970-01-01T01:45:11Z</time>
        <extensions>
          <gpxtpx:TrackPointExtension>
            <gpxtpx:hr>120</gpxtpx:hr>
          </gpxtpx:TrackPointExtension>
        </extensions>
      </trkpt>
      <trkpt lat="30.274070594193553" lon="120.00030382803361">
        <ele>121.5999984741211</ele>
        <time>1970-01-01T01:45:14Z</time>
        <extensions>
          <gpxtpx:TrackPointExtension>
            <gpxtpx:hr>119</gpxtpx:hr>
          </gpxtpx:TrackPointExtension>
        </extensions>
      </trkpt>
      <trkpt lat="30.274103606197116" lon="120.00029883821047">
        <ele>121.4000015258789</ele>
        <time>1970-01-01T01:45:16Z</time>
        <extensions>
          <gpxtpx:TrackPointExtension>
            <gpxtpx:hr>118</gpxtpx:hr>
          </gpxtpx:TrackPointExtension>
        </extensions>
      </trkpt>
      <trkpt lat="30.274181713806765" lon="120.0002609300706">
        <ele>120.5999984741211</ele>
        <time>1970-01-01T01:45:19Z</time>
        <extensions>
          <gpxtpx:TrackPointExtension>
            <gpxtpx:hr>118</gpxtpx:hr>
          </gpxtpx:TrackPointExtension>
        </extensions>
      </trkpt>
      <trkpt lat="30.27423980212932" lon="120.0002300054872">
        <ele>120.19999694824219</ele>
        <time>1970-01-01T01:45:21Z</time>
        <extensions>
          <gpxtpx:TrackPointExtension>
            <gpxtpx:hr>119</gpxtpx:hr>
          </gpxtpx:TrackPointExtension>
        </extensions>
      </trkpt>
      <trkpt lat="30.274424996438487" lon="120.00016017126205">
        <ele>119.80000305175781</ele>
        <time>1970-01-01T01:45:26Z</time>
        <extensions>
          <gpxtpx:TrackPointExtension>
            <gpxtpx:hr>118</gpxtpx:hr>
          </gpxtpx:TrackPointExtension>
        </extensions>
      </trkpt>
      <trkpt lat="30.27454606666333" lon="120.00013323104109">
        <ele>119.5999984741211</ele>
        <time>1970-01-01T01:45:29Z</time>
        <extensions>
          <gpxtpx:TrackPointExtension>
            <gpxtpx:hr>114</gpxtpx:hr>
          </gpxtpx:TrackPointExtension>
        </extensions>
      </trkpt>
      <trkpt lat="30.274677114737948" lon="120.0001132718499">
        <ele>119.80000305175781</ele>
        <time>1970-01-01T01:45:32Z</time>
        <extensions>
          <gpxtpx:TrackPointExtension>
            <gpxtpx:hr>111</gpxtpx:hr>
          </gpxtpx:TrackPointExtension>
        </extensions>
      </trkpt>
      <trkpt lat="30.27476013104941" lon="120.00010528560425">
        <ele>119.80000305175781</ele>
        <time>1970-01-01T01:45:34Z</time>
        <extensions>
          <gpxtpx:TrackPointExtension>
            <gpxtpx:hr>109</gpxtpx:hr>
          </gpxtpx:TrackPointExtension>
        </extensions>
      </trkpt>
      <trkpt lat="30.274804132910617" lon="120.0001032870904">
        <ele>120.0</ele>
        <time>1970-01-01T01:45:35Z</time>
        <extensions>
          <gpxtpx:TrackPointExtension>
            <gpxtpx:hr>109</gpxtpx:hr>
          </gpxtpx:TrackPointExtension>
        </extensions>
      </trkpt>
      <trkpt lat="30.274932166113157" lon="120.00008831520064">
        <ele>120.0</ele>
        <time>1970-01-01T01:45:38Z</time>
        <extensions>
          <gpxtpx:TrackPointExtension>
            <gpxtpx:hr>109</gpxtpx:hr>
          </gpxtpx:TrackPointExtension>
        </extensions>
      </trkpt>
      <trkpt lat="30.275023221002087" lon="120.00006736196364">
        <ele>120.0</ele>
        <time>1970-01-01T01:45:40Z</time>
        <extensions>
          <gpxtpx:TrackPointExtension>
            <gpxtpx:hr>112</gpxtpx:hr>
          </gpxtpx:TrackPointExtension>
        </extensions>
      </trkpt>
      <trkpt lat="30.275213342112767" lon="120.00002146518793">
        <ele>120.19999694824219</ele>
        <time>1970-01-01T01:45:44Z</time>
        <extensions>
          <gpxtpx:TrackPointExtension>
            <gpxtpx:hr>115</gpxtpx:hr>
          </gpxtpx:TrackPointExtension>
        </extensions>
      </trkpt>
      <trkpt lat="30.27534543242536" lon="119.9999875421988">
        <ele>120.19999694824219</ele>
        <time>1970-01-01T01:45:47Z</time>
        <extensions>
          <gpxtpx:TrackPointExtension>
            <gpxtpx:hr>117</gpxtpx:hr>
          </gpxtpx:TrackPointExtension>
        </extensions>
      </trkpt>
      <trkpt lat="30.275484543254255" lon="119.99994663676628">
        <ele>120.19999694824219</ele>
        <time>1970-01-01T01:45:50Z</time>
        <extensions>
          <gpxtpx:TrackPointExtension>
            <gpxtpx:hr>117</gpxtpx:hr>
          </gpxtpx:TrackPointExtension>
        </extensions>
      </trkpt>
      <trkpt lat="30.275609670558495" lon="119.99990074547463">
        <ele>120.80000305175781</ele>
        <time>1970-01-01T01:45:53Z</time>
        <extensions>
          <gpxtpx:TrackPointExtension>
            <gpxtpx:hr>117</gpxtpx:hr>
          </gpxtpx:TrackPointExtension>
        </extensions>
      </trkpt>
      <trkpt lat="30.27581889275571" lon="119.99982093525985">
        <ele>121.0</ele>
        <time>1970-01-01T01:45:58Z</time>
        <extensions>
          <gpxtpx:TrackPointExtension>
            <gpxtpx:hr>120</gpxtpx:hr>
          </gpxtpx:TrackPointExtension>
        </extensions>
      </trkpt>
      <trkpt lat="30.275916937850607" lon="119.99980297368491">
        <ele>121.19999694824219</ele>
        <time>1970-01-01T01:46:00Z</time>
        <extensions>
          <gpxtpx:TrackPointExtension>
            <gpxtpx:hr>121</gpxtpx:hr>
          </gpxtpx:TrackPointExtension>
        </extensions>
      </trkpt>
      <trkpt lat="30.276060048266594" lon="119.99976206795053">
        <ele>121.4000015258789</ele>
        <time>1970-01-01T01:46:03Z</time>
        <extensions>
          <gpxtpx:TrackPointExtension>
            <gpxtpx:hr>122</gpxtpx:hr>
          </gpxtpx:TrackPointExtension>
        </extensions>
      </trkpt>
      <trkpt lat="30.27635527426307" lon="119.99967826093304">
        <ele>121.5999984741211</ele>
        <time>1970-01-01T01:46:08Z</time>
        <extensions>
          <gpxtpx:TrackPointExtension>
            <gpxtpx:hr>125</gpxtpx:hr>
          </gpxtpx:TrackPointExtension>
        </extensions>
      </trkpt>
      <trkpt lat="30.276414335208436" lon="119.9996563130146">
        <ele>121.5999984741211</ele>
        <time>1970-01-01T01:46:09Z</time>
        <extensions>
          <gpxtpx:TrackPointExtension>
            <gpxtpx:hr>126</gpxtpx:hr>
          </gpxtpx:TrackPointExtension>
        </extensions>
      </trkpt>
      <trkpt lat="30.276587503280524" lon="119.99959545664322">
        <ele>121.5999984741211</ele>
        <time>1970-01-01T01:46:12Z</time>
        <extensions>
          <gpxtpx:TrackPointExtension>
            <gpxtpx:hr>129</gpxtpx:hr>
          </gpxtpx:TrackPointExtension>
        </extensions>
      </trkpt>
      <trkpt lat="30.27679862222813" lon="119.99954955820073">
        <ele>121.80000305175781</ele>
        <time>1970-01-01T01:46:16Z</time>
        <extensions>
          <gpxtpx:TrackPointExtension>
            <gpxtpx:hr>131</gpxtpx:hr>
          </gpxtpx:TrackPointExtension>
        </extensions>
      </trkpt>
      <trkpt lat="30.276918734818675" lon="119.99950865444225">
        <ele>121.80000305175781</ele>
        <time>1970-01-01T01:46:18Z</time>
        <extensions>
          <gpxtpx:TrackPointExtension>
            <gpxtpx:hr>132</gpxtpx:hr>
          </gpxtpx:TrackPointExtension>
        </extensions>
      </trkpt>
      <trkpt lat="30.27727701216006" lon="119.99940589150296">
        <ele>122.0</ele>
        <time>1970-01-01T01:46:25Z</time>
        <extensions>
          <gpxtpx:TrackPointExtension>
            <gpxtpx:hr>135</gpxtpx:hr>
          </gpxtpx:TrackPointExtension>
        </extensions>
      </trkpt>
      <trkpt lat="30.27765725094146" lon="119.99931509563137">
        <ele>122.5999984741211</ele>
        <time>1970-01-01T01:46:33Z</time>
        <extensions>
          <gpxtpx:TrackPointExtension>
            <gpxtpx:hr>138</gpxtpx:hr>
          </gpxtpx:TrackPointExtension>
        </extensions>
      </trkpt>
      <trkpt lat="30.278031408411376" lon="119.999251230251">
        <ele>122.19999694824219</ele>
        <time>1970-01-01T01:46:42Z</time>
        <extensions>
          <gpxtpx:TrackPointExtension>
            <gpxtpx:hr>139</gpxtpx:hr>
          </gpxtpx:TrackPointExtension>
        </extensions>
      </trkpt>
      <trkpt lat="30.27815642953511" lon="119.99924024829214">
        <ele>122.19999694824219</ele>
        <time>1970-01-01T01:46:46Z</time>
        <extensions>
          <gpxtpx:TrackPointExtension>
            <gpxtpx:hr>136</gpxtpx:hr>
          </gpxtpx:TrackPointExtension>
        </extensions>
      </trkpt>
      <trkpt lat="30.278193447131486" lon="119.99923326334546">
        <ele>122.4000015258789</ele>
        <time>1970-01-01T01:46:47Z</time>
        <extensions>
          <gpxtpx:TrackPointExtension>
            <gpxtpx:hr>135</gpxtpx:hr>
          </gpxtpx:TrackPointExtension>
        </extensions>
      </trkpt>
      <trkpt lat="30.278311511352705" lon="119.99920831829633">
        <ele>122.5999984741211</ele>
        <time>1970-01-01T01:46:50Z</time>
        <extensions>
          <gpxtpx:TrackPointExtension>
            <gpxtpx:hr>132</gpxtpx:hr>
          </gpxtpx:TrackPointExtension>
        </extensions>
      </trkpt>
      <trkpt lat="30.27848765474233" lon="119.99915544102696">
        <ele>122.5999984741211</ele>
        <time>1970-01-01T01:46:54Z</time>
        <extensions>
          <gpxtpx:TrackPointExtension>
            <gpxtpx:hr>132</gpxtpx:hr>
          </gpxtpx:TrackPointExtension>
        </extensions>
      </trkpt>
      <trkpt lat="30.27888109203858" lon="119.9989988154267">
        <ele>121.80000305175781</ele>
        <time>1970-01-01T01:47:02Z</time>
        <extensions>
          <gpxtpx:TrackPointExtension>
            <gpxtpx:hr>131</gpxtpx:hr>
          </gpxtpx:TrackPointExtension>
        </extensions>
      </trkpt>
      <trkpt lat="30.279400510814035" lon="119.9988441741456">
        <ele>121.0</ele>
        <time>1970-01-01T01:47:12Z</time>
        <extensions>
          <gpxtpx:TrackPointExtension>
            <gpxtpx:hr>131</gpxtpx:hr>
          </gpxtpx:TrackPointExtension>
        </extensions>
      </trkpt>
      <trkpt lat="30.279849930329295" lon="119.99869153363308">
        <ele>120.80000305175781</ele>
        <time>1970-01-01T01:47:21Z</time>
        <extensions>
          <gpxtpx:TrackPointExtension>
            <gpxtpx:hr>132</gpxtpx:hr>
          </gpxtpx:TrackPointExtension>
        </extensions>
      </trkpt>
      <trkpt lat="30.279991107395265" lon="119.99862868536438">
        <ele>120.5999984741211</ele>
        <time>1970-01-01T01:47:24Z</time>
        <extensions>
          <gpxtpx:TrackPointExtension>
            <gpxtpx:hr>133</gpxtpx:hr>
          </gpxtpx:TrackPointExtension>
        </extensions>
      </trkpt>
      <trkpt lat="30.2801712472335" lon="119.99857680527165">
        <ele>120.4000015258789</ele>
        <time>1970-01-01T01:47:28Z</time>
        <extensions>
          <gpxtpx:TrackPointExtension>
            <gpxtpx:hr>135</gpxtpx:hr>
          </gpxtpx:TrackPointExtension>
        </extensions>
      </trkpt>
      <trkpt lat="30.28050169361234" lon="119.99841918786937">
        <ele>120.4000015258789</ele>
        <time>1970-01-01T01:47:35Z</time>
        <extensions>
          <gpxtpx:TrackPointExtension>
            <gpxtpx:hr>135</gpxtpx:hr>
          </gpxtpx:TrackPointExtension>
        </extensions>
      </trkpt>
      <trkpt lat="30.280804951580198" lon="119.99832440916973">
        <ele>120.4000015258789</ele>
        <time>1970-01-01T01:47:41Z</time>
        <extensions>
          <gpxtpx:TrackPointExtension>
            <gpxtpx:hr>135</gpxtpx:hr>
          </gpxtpx:TrackPointExtension>
        </extensions>
      </trkpt>
      <trkpt lat="30.281183396146766" lon="119.99816579045634">
        <ele>121.0</ele>
        <time>1970-01-01T01:47:49Z</time>
        <extensions>
          <gpxtpx:TrackPointExtension>
            <gpxtpx:hr>134</gpxtpx:hr>
          </gpxtpx:TrackPointExtension>
        </extensions>
      </trkpt>
      <trkpt lat="30.28161192667358" lon="119.99797724556588">
        <ele>121.19999694824219</ele>
        <time>1970-01-01T01:47:58Z</time>
        <extensions>
          <gpxtpx:TrackPointExtension>
            <gpxtpx:hr>135</gpxtpx:hr>
          </gpxtpx:TrackPointExtension>
        </extensions>
      </trkpt>
      <trkpt lat="30.28176308142975" lon="119.99792137840139">
        <ele>121.4000015258789</ele>
        <time>1970-01-01T01:48:01Z</time>
        <extensions>
          <gpxtpx:TrackPointExtension>
            <gpxtpx:hr>138</gpxtpx:hr>
          </gpxtpx:TrackPointExtension>
        </extensions>
      </trkpt>
      <trkpt lat="30.282047332038154" lon="119.99782959363299">
        <ele>121.4000015258789</ele>
        <time>1970-01-01T01:48:07Z</time>
        <extensions>
          <gpxtpx:TrackPointExtension>
            <gpxtpx:hr>141</gpxtpx:hr>
          </gpxtpx:TrackPointExtension>
        </extensions>
      </trkpt>
      <trkpt lat="30.282128126672028" lon="119.99789441792304">
        <ele>121.19999694824219</ele>
        <time>1970-01-01T01:48:10Z</time>
        <extensions>
          <gpxtpx:TrackPointExtension>
            <gpxtpx:hr>140</gpxtpx:hr>
          </gpxtpx:TrackPointExtension>
        </extensions>
      </trkpt>
      <trkpt lat="30.282157620029366" lon="119.99805998407969">
        <ele>121.0</ele>
        <time>1970-01-01T01:48:14Z</time>
        <extensions>
          <gpxtpx:TrackPointExtension>
            <gpxtpx:hr>138</gpxtpx:hr>
          </gpxtpx:TrackPointExtension>
        </extensions>
      </trkpt>
      <trkpt lat="30.282182001722248" lon="119.99826245461504">
        <ele>120.80000305175781</ele>
        <time>1970-01-01T01:48:18Z</time>
        <extensions>
          <gpxtpx:TrackPointExtension>
            <gpxtpx:hr>141</gpxtpx:hr>
          </gpxtpx:TrackPointExtension>
        </extensions>
      </trkpt>
      <trkpt lat="30.282173829638662" lon="119.99831930722891">
        <ele>120.80000305175781</ele>
        <time>1970-01-01T01:48:19Z</time>
        <extensions>
          <gpxtpx:TrackPointExtension>
            <gpxtpx:hr>139</gpxtpx:hr>
          </gpxtpx:TrackPointExtension>
        </extensions>
      </trkpt>
      <trkpt lat="30.28217568082015" lon="119.9983681797907">
        <ele>120.5999984741211</ele>
        <time>1970-01-01T01:48:20Z</time>
        <extensions>
          <gpxtpx:TrackPointExtension>
            <gpxtpx:hr>139</gpxtpx:hr>
          </gpxtpx:TrackPointExtension>
        </extensions>
      </trkpt>
      <trkpt lat="30.282184540401623" lon="119.99841405956319">
        <ele>120.5999984741211</ele>
        <time>1970-01-01T01:48:21Z</time>
        <extensions>
          <gpxtpx:TrackPointExtension>
            <gpxtpx:hr>139</gpxtpx:hr>
          </gpxtpx:TrackPointExtension>
        </extensions>
      </trkpt>
      <trkpt lat="30.282214067325505" lon="119.99856865452236">
        <ele>120.5999984741211</ele>
        <time>1970-01-01T01:48:24Z</time>
        <extensions>
          <gpxtpx:TrackPointExtension>
            <gpxtpx:hr>140</gpxtpx:hr>
          </gpxtpx:TrackPointExtension>
        </extensions>
      </trkpt>
      <trkpt lat="30.28222790520191" lon="119.99862151572717">
        <ele>120.5999984741211</ele>
        <time>1970-01-01T01:48:25Z</time>
        <extensions>
          <gpxtpx:TrackPointExtension>
            <gpxtpx:hr>139</gpxtpx:hr>
          </gpxtpx:TrackPointExtension>
        </extensions>
      </trkpt>
      <trkpt lat="30.282261580373433" lon="119.9987272376595">
        <ele>120.5999984741211</ele>
        <time>1970-01-01T01:48:27Z</time>
        <extensions>
          <gpxtpx:TrackPointExtension>
            <gpxtpx:hr>138</gpxtpx:hr>
          </gpxtpx:TrackPointExtension>
        </extensions>
      </trkpt>
      <trkpt lat="30.282294273866942" lon="119.99882697528707">
        <ele>120.5999984741211</ele>
        <time>1970-01-01T01:48:29Z</time>
        <extensions>
          <gpxtpx:TrackPointExtension>
            <gpxtpx:hr>138</gpxtpx:hr>
          </gpxtpx:TrackPointExtension>
        </extensions>
      </trkpt>
      <trkpt lat="30.282331963853817" lon="119.9989277099325">
        <ele>120.5999984741211</ele>
        <time>1970-01-01T01:48:31Z</time>
        <extensions>
          <gpxtpx:TrackPointExtension>
            <gpxtpx:hr>137</gpxtpx:hr>
          </gpxtpx:TrackPointExtension>
        </extensions>
      </trkpt>
      <trkpt lat="30.282374353306093" lon="119.99912718728966">
        <ele>120.80000305175781</ele>
        <time>1970-01-01T01:48:35Z</time>
        <extensions>
          <gpxtpx:TrackPointExtension>
            <gpxtpx:hr>136</gpxtpx:hr>
          </gpxtpx:TrackPointExtension>
        </extensions>
      </trkpt>
      <trkpt lat="30.282350213283102" lon="119.99917406735331">
        <ele>120.80000305175781</ele>
        <time>1970-01-01T01:48:36Z</time>
        <extensions>
          <gpxtpx:TrackPointExtension>
            <gpxtpx:hr>136</gpxtpx:hr>
          </gpxtpx:TrackPointExtension>
        </extensions>
      </trkpt>
      <trkpt lat="30.28233412700935" lon="119.99920299345415">
        <ele>120.80000305175781</ele>
        <time>1970-01-01T01:48:37Z</time>
        <extensions>
          <gpxtpx:TrackPointExtension>
            <gpxtpx:hr>136</gpxtpx:hr>
          </gpxtpx:TrackPointExtension>
        </extensions>
      </trkpt>
      <trkpt lat="30.282298882044987" lon="119.99928478365491">
        <ele>120.80000305175781</ele>
        <time>1970-01-01T01:48:40Z</time>
        <extensions>
          <gpxtpx:TrackPointExtension>
            <gpxtpx:hr>136</gpxtpx:hr>
          </gpxtpx:TrackPointExtension>
        </extensions>
      </trkpt>
      <trkpt lat="30.282289822347497" lon="119.99930473252714">
        <ele>120.80000305175781</ele>
        <time>1970-01-01T01:48:43Z</time>
        <extensions>
          <gpxtpx:TrackPointExtension>
            <gpxtpx:hr>136</gpxtpx:hr>
          </gpxtpx:TrackPointExtension>
        </extensions>
      </trkpt>
      <trkpt lat="30.28229280689444" lon="119.99930971930453">
        <ele>120.80000305175781</ele>
        <time>1970-01-01T01:48:44Z</time>
        <extensions>
          <gpxtpx:TrackPointExtension>
            <gpxtpx:hr>136</gpxtpx:hr>
          </gpxtpx:TrackPointExtension>
        </extensions>
      </trkpt>
      <trkpt lat="30.28232572175649" lon="119.99933664649326">
        <ele>120.4000015258789</ele>
        <time>1970-01-01T01:48:50Z</time>
        <extensions>
          <gpxtpx:TrackPointExtension>
            <gpxtpx:hr>139</gpxtpx:hr>
          </gpxtpx:TrackPointExtension>
        </extensions>
      </trkpt>
      <trkpt lat="30.282334711759372" lon="119.9993396379554">
        <ele>120.4000015258789</ele>
        <time>1970-01-01T01:48:51Z</time>
        <extensions>
          <gpxtpx:TrackPointExtension>
            <gpxtpx:hr>139</gpxtpx:hr>
          </gpxtpx:TrackPointExtension>
        </extensions>
      </trkpt>
      <trkpt lat="30.28241470975532" lon="119.99933763642494">
        <ele>120.0</ele>
        <time>1970-01-01T01:48:56Z</time>
        <extensions>
          <gpxtpx:TrackPointExtension>
            <gpxtpx:hr>138</gpxtpx:hr>
          </gpxtpx:TrackPointExtension>
        </extensions>
      </trkpt>
      <trkpt lat="30.282516747948158" lon="119.99932166936371">
        <ele>119.80000305175781</ele>
        <time>1970-01-01T01:48:59Z</time>
        <extensions>
          <gpxtpx:TrackPointExtension>
            <gpxtpx:hr>135</gpxtpx:hr>
          </gpxtpx:TrackPointExtension>
        </extensions>
      </trkpt>
      <trkpt lat="30.28257779027383" lon="119.99930570574672">
        <ele>119.5999984741211</ele>
        <time>1970-01-01T01:49:01Z</time>
        <extensions>
          <gpxtpx:TrackPointExtension>
            <gpxtpx:hr>137</gpxtpx:hr>
          </gpxtpx:TrackPointExtension>
        </extensions>
      </trkpt>
      <trkpt lat="30.28273290491807" lon="119.99926280428161">
        <ele>119.5999984741211</ele>
        <time>1970-01-01T01:49:07Z</time>
        <extensions>
          <gpxtpx:TrackPointExtension>
            <gpxtpx:hr>136</gpxtpx:hr>
          </gpxtpx:TrackPointExtension>
        </extensions>
      </trkpt>
      <trkpt lat="30.282754911785425" lon="119.99925981021701">
        <ele>119.5999984741211</ele>
        <time>1970-01-01T01:49:09Z</time>
        <extensions>
          <gpxtpx:TrackPointExtension>
            <gpxtpx:hr>135</gpxtpx:hr>
          </gpxtpx:TrackPointExtension>
        </extensions>
      </trkpt>
      <trkpt lat="30.282744773404755" lon="119.99930569172191">
        <ele>119.4000015258789</ele>
        <time>1970-01-01T01:49:11Z</time>
        <extensions>
          <gpxtpx:TrackPointExtension>
            <gpxtpx:hr>135</gpxtpx:hr>
          </gpxtpx:TrackPointExtension>
        </extensions>
      </trkpt>
      <trkpt lat="30.282748836634806" lon="119.99928474586397">
        <ele>119.0</ele>
        <time>1970-01-01T01:49:16Z</time>
        <extensions>
          <gpxtpx:TrackPointExtension>
            <gpxtpx:hr>135</gpxtpx:hr>
          </gpxtpx:TrackPointExtension>
        </extensions>
      </trkpt>
      <trkpt lat="30.282756914613586" lon="119.99925881264338">
        <ele>119.0</ele>
        <time>1970-01-01T01:49:17Z</time>
        <extensions>
          <gpxtpx:TrackPointExtension>
            <gpxtpx:hr>135</gpxtpx:hr>
          </gpxtpx:TrackPointExtension>
        </extensions>
      </trkpt>
      <trkpt lat="30.282792032291013" lon="119.99921891348022">
        <ele>119.0</ele>
        <time>1970-01-01T01:49:19Z</time>
        <extensions>
          <gpxtpx:TrackPointExtension>
            <gpxtpx:hr>132</gpxtpx:hr>
          </gpxtpx:TrackPointExtension>
        </extensions>
      </trkpt>
      <trkpt lat="30.282816069260456" lon="119.99920594519327">
        <ele>119.0</ele>
        <time>1970-01-01T01:49:20Z</time>
        <extensions>
          <gpxtpx:TrackPointExtension>
            <gpxtpx:hr>135</gpxtpx:hr>
          </gpxtpx:TrackPointExtension>
        </extensions>
      </trkpt>
      <trkpt lat="30.2828481084514" lon="119.9991919788297">
        <ele>119.19999694824219</ele>
        <time>1970-01-01T01:49:21Z</time>
        <extensions>
          <gpxtpx:TrackPointExtension>
            <gpxtpx:hr>131</gpxtpx:hr>
          </gpxtpx:TrackPointExtension>
        </extensions>
      </trkpt>
      <trkpt lat="30.28308630862639" lon="119.99911815085218">
        <ele>119.19999694824219</ele>
        <time>1970-01-01T01:49:25Z</time>
        <extensions>
          <gpxtpx:TrackPointExtension>
            <gpxtpx:hr>127</gpxtpx:hr>
          </gpxtpx:TrackPointExtension>
        </extensions>
      </trkpt>
      <trkpt lat="30.283143424083665" lon="119.99907824986269">
        <ele>119.19999694824219</ele>
        <time>1970-01-01T01:49:26Z</time>
        <extensions>
          <gpxtpx:TrackPointExtension>
            <gpxtpx:hr>124</gpxtpx:hr>
          </gpxtpx:TrackPointExtension>
        </extensions>
      </trkpt>
      <trkpt lat="30.28334351897266" lon="119.99904033168026">
        <ele>119.4000015258789</ele>
        <time>1970-01-01T01:49:30Z</time>
        <extensions>
          <gpxtpx:TrackPointExtension>
            <gpxtpx:hr>120</gpxtpx:hr>
          </gpxtpx:TrackPointExtension>
        </extensions>
      </trkpt>
      <trkpt lat="30.28341149994396" lon="119.99904431558936">
        <ele>119.4000015258789</ele>
        <time>1970-01-01T01:49:32Z</time>
        <extensions>
          <gpxtpx:TrackPointExtension>
            <gpxtpx:hr>117</gpxtpx:hr>
          </gpxtpx:TrackPointExtension>
        </extensions>
      </trkpt>
      <trkpt lat="30.283430579852762" lon="119.99901738406363">
        <ele>119.4000015258789</ele>
        <time>1970-01-01T01:49:33Z</time>
        <extensions>
          <gpxtpx:TrackPointExtension>
            <gpxtpx:hr>117</gpxtpx:hr>
          </gpxtpx:TrackPointExtension>
        </extensions>
      </trkpt>
      <trkpt lat="30.28344365431073" lon="119.99899244785374">
        <ele>119.4000015258789</ele>
        <time>1970-01-01T01:49:34Z</time>
        <extensions>
          <gpxtpx:TrackPointExtension>
            <gpxtpx:hr>116</gpxtpx:hr>
          </gpxtpx:TrackPointExtension>
        </extensions>
      </trkpt>
      <trkpt lat="30.28348892558858" lon="119.99890168026299">
        <ele>119.5999984741211</ele>
        <time>1970-01-01T01:49:37Z</time>
        <extensions>
          <gpxtpx:TrackPointExtension>
            <gpxtpx:hr>116</gpxtpx:hr>
          </gpxtpx:TrackPointExtension>
        </extensions>
      </trkpt>
      <trkpt lat="30.28355501285665" lon="119.99887075518703">
        <ele>119.5999984741211</ele>
        <time>1970-01-01T01:49:38Z</time>
        <extensions>
          <gpxtpx:TrackPointExtension>
            <gpxtpx:hr>115</gpxtpx:hr>
          </gpxtpx:TrackPointExtension>
        </extensions>
      </trkpt>
      <trkpt lat="30.283879674178515" lon="119.99864232249267">
        <ele>119.5999984741211</ele>
        <time>1970-01-01T01:49:46Z</time>
        <extensions>
          <gpxtpx:TrackPointExtension>
            <gpxtpx:hr>118</gpxtpx:hr>
          </gpxtpx:TrackPointExtension>
        </extensions>
      </trkpt>
      <trkpt lat="30.284041239996327" lon="119.99845080755918">
        <ele>120.0</ele>
        <time>1970-01-01T01:49:52Z</time>
        <extensions>
          <gpxtpx:TrackPointExtension>
            <gpxtpx:hr>118</gpxtpx:hr>
          </gpxtpx:TrackPointExtension>
        </extensions>
      </trkpt>
      <trkpt lat="30.284092350037607" lon="119.99841290196875">
        <ele>120.0</ele>
        <time>1970-01-01T01:49:54Z</time>
        <extensions>
          <gpxtpx:TrackPointExtension>
            <gpxtpx:hr>119</gpxtpx:hr>
          </gpxtpx:TrackPointExtension>
        </extensions>
      </trkpt>
      <trkpt lat="30.284154331576985" lon="119.99841688637436">
        <ele>120.0</ele>
        <time>1970-01-01T01:49:56Z</time>
        <extensions>
          <gpxtpx:TrackPointExtension>
            <gpxtpx:hr>119</gpxtpx:hr>
          </gpxtpx:TrackPointExtension>
        </extensions>
      </trkpt>
      <trkpt lat="30.284416432179707" lon="119.99837497346145">
        <ele>119.80000305175781</ele>
        <time>1970-01-01T01:50:02Z</time>
        <extensions>
          <gpxtpx:TrackPointExtension>
            <gpxtpx:hr>118</gpxtpx:hr>
          </gpxtpx:TrackPointExtension>
        </extensions>
      </trkpt>
      <trkpt lat="30.28445933072774" lon="119.99840688673824">
        <ele>119.80000305175781</ele>
        <time>1970-01-01T01:50:03Z</time>
        <extensions>
          <gpxtpx:TrackPointExtension>
            <gpxtpx:hr>117</gpxtpx:hr>
          </gpxtpx:TrackPointExtension>
        </extensions>
      </trkpt>
      <trkpt lat="30.284499171962196" lon="119.99845775092474">
        <ele>119.5999984741211</ele>
        <time>1970-01-01T01:50:05Z</time>
        <extensions>
          <gpxtpx:TrackPointExtension>
            <gpxtpx:hr>116</gpxtpx:hr>
          </gpxtpx:TrackPointExtension>
        </extensions>
      </trkpt>
      <trkpt lat="30.284507034674004" lon="119.99850263338742">
        <ele>119.4000015258789</ele>
        <time>1970-01-01T01:50:08Z</time>
        <extensions>
          <gpxtpx:TrackPointExtension>
            <gpxtpx:hr>116</gpxtpx:hr>
          </gpxtpx:TrackPointExtension>
        </extensions>
      </trkpt>
      <trkpt lat="30.284527835411374" lon="119.99856746282906">
        <ele>119.19999694824219</ele>
        <time>1970-01-01T01:50:10Z</time>
        <extensions>
          <gpxtpx:TrackPointExtension>
            <gpxtpx:hr>116</gpxtpx:hr>
          </gpxtpx:TrackPointExtension>
        </extensions>
      </trkpt>
      <trkpt lat="30.28457522710037" lon="119.99876594210805">
        <ele>119.0</ele>
        <time>1970-01-01T01:50:15Z</time>
        <extensions>
          <gpxtpx:TrackPointExtension>
            <gpxtpx:hr>113</gpxtpx:hr>
          </gpxtpx:TrackPointExtension>
        </extensions>
      </trkpt>
      <trkpt lat="30.28457011846748" lon="119.99880184906989">
        <ele>119.0</ele>
        <time>1970-01-01T01:50:16Z</time>
        <extensions>
          <gpxtpx:TrackPointExtension>
            <gpxtpx:hr>113</gpxtpx:hr>
          </gpxtpx:TrackPointExtension>
        </extensions>
      </trkpt>
      <trkpt lat="30.284592649256876" lon="119.99895544739489">
        <ele>119.0</ele>
        <time>1970-01-01T01:50:19Z</time>
        <extensions>
          <gpxtpx:TrackPointExtension>
            <gpxtpx:hr>113</gpxtpx:hr>
          </gpxtpx:TrackPointExtension>
        </extensions>
      </trkpt>
      <trkpt lat="30.284582544187774" lon="119.9989903573952">
        <ele>119.0</ele>
        <time>1970-01-01T01:50:20Z</time>
        <extensions>
          <gpxtpx:TrackPointExtension>
            <gpxtpx:hr>113</gpxtpx:hr>
          </gpxtpx:TrackPointExtension>
        </extensions>
      </trkpt>
      <trkpt lat="30.284597445654907" lon="119.99902227308601">
        <ele>119.19999694824219</ele>
        <time>1970-01-01T01:50:21Z</time>
        <extensions>
          <gpxtpx:TrackPointExtension>
            <gpxtpx:hr>113</gpxtpx:hr>
          </gpxtpx:TrackPointExtension>
        </extensions>
      </trkpt>
      <trkpt lat="30.284600221055655" lon="119.99909608079597">
        <ele>119.19999694824219</ele>
        <time>1970-01-01T01:50:23Z</time>
        <extensions>
          <gpxtpx:TrackPointExtension>
            <gpxtpx:hr>113</gpxtpx:hr>
          </gpxtpx:TrackPointExtension>
        </extensions>
      </trkpt>
      <trkpt lat="30.28461311364586" lon="119.99913098888221">
        <ele>119.19999694824219</ele>
        <time>1970-01-01T01:50:24Z</time>
        <extensions>
          <gpxtpx:TrackPointExtension>
            <gpxtpx:hr>113</gpxtpx:hr>
          </gpxtpx:TrackPointExtension>
        </extensions>
      </trkpt>
      <trkpt lat="30.2846716772669" lon="119.99927261549523">
        <ele>119.4000015258789</ele>
        <time>1970-01-01T01:50:29Z</time>
        <extensions>
          <gpxtpx:TrackPointExtension>
            <gpxtpx:hr>114</gpxtpx:hr>
          </gpxtpx:TrackPointExtension>
        </extensions>
      </trkpt>
      <trkpt lat="30.28473563434267" lon="119.99928457898841">
        <ele>119.0</ele>
        <time>1970-01-01T01:50:34Z</time>
        <extensions>
          <gpxtpx:TrackPointExtension>
            <gpxtpx:hr>113</gpxtpx:hr>
          </gpxtpx:TrackPointExtension>
        </extensions>
      </trkpt>
      <trkpt lat="30.28473563434267" lon="119.99928457898841">
        <ele>118.5999984741211</ele>
        <time>1970-01-01T01:50:38Z</time>
        <extensions>
          <gpxtpx:TrackPointExtension>
            <gpxtpx:hr>113</gpxtpx:hr>
          </gpxtpx:TrackPointExtension>
        </extensions>
      </trkpt>
      <trkpt lat="30.28473563434267" lon="119.99928457898841">
        <ele>117.5999984741211</ele>
        <time>1970-01-01T01:50:43Z</time>
        <extensions>
          <gpxtpx:TrackPointExtension>
            <gpxtpx:hr>113</gpxtpx:hr>
          </gpxtpx:TrackPointExtension>
        </extensions>
      </trkpt>
      <trkpt lat="30.284740630799714" lon="119.9992855759742">
        <ele>117.4000015258789</ele>
        <time>1970-01-01T01:50:44Z</time>
        <extensions>
          <gpxtpx:TrackPointExtension>
            <gpxtpx:hr>113</gpxtpx:hr>
          </gpxtpx:TrackPointExtension>
        </extensions>
      </trkpt>
      <trkpt lat="30.284747639172622" lon="119.99928258316915">
        <ele>116.19999694824219</ele>
        <time>1970-01-01T01:50:49Z</time>
        <extensions>
          <gpxtpx:TrackPointExtension>
            <gpxtpx:hr>113</gpxtpx:hr>
          </gpxtpx:TrackPointExtension>
        </extensions>
      </trkpt>
      <trkpt lat="30.284748642100325" lon="119.99928158567946">
        <ele>116.0</ele>
        <time>1970-01-01T01:50:50Z</time>
        <extensions>
          <gpxtpx:TrackPointExtension>
            <gpxtpx:hr>113</gpxtpx:hr>
          </gpxtpx:TrackPointExtension>
        </extensions>
      </trkpt>
      <trkpt lat="30.284748642100325" lon="119.99928158567946">
        <ele>115.0</ele>
        <time>1970-01-01T01:50:55Z</time>
        <extensions>
          <gpxtpx:TrackPointExtension>
            <gpxtpx:hr>112</gpxtpx:hr>
          </gpxtpx:TrackPointExtension>
        </extensions>
      </trkpt>
      <trkpt lat="30.284748642100325" lon="119.99928158567946">
        <ele>114.5999984741211</ele>
        <time>1970-01-01T01:50:57Z</time>
        <extensions>
          <gpxtpx:TrackPointExtension>
            <gpxtpx:hr>112</gpxtpx:hr>
          </gpxtpx:TrackPointExtension>
        </extensions>
      </trkpt>
      <trkpt lat="30.28473868554966" lon="119.99926762283982">
        <ele>114.4000015258789</ele>
        <time>1970-01-01T01:50:59Z</time>
        <extensions>
          <gpxtpx:TrackPointExtension>
            <gpxtpx:hr>111</gpxtpx:hr>
          </gpxtpx:TrackPointExtension>
        </extensions>
      </trkpt>
    </trkseg>
  </trk>
</gpx>